?????,?????,??????,?????,????????,??,??,???????
???????,??????? ??? 49-6,????,3,044-300-2454,36.499157,127.310975,2024-05-31
???????,??????? ??? 76,????,3,044-300-2454,36.498341,127.315166,2024-05-31
???????,??????? ??? 538,????,3,044-300-2454,36.486394,127.29865,2024-05-31
???????,??????? ??? 532,????,3,044-300-2454,36.487767,127.299715,2024-05-31
???????,??????? ??? 591,????,3,044-300-2454,36.483793,127.301971,2024-05-31
???????,??????? ??? 776,????,3,044-300-2454,36.480778,127.297724,2024-05-31
???????,??????? ??? 714,????,3,044-300-2454,36.483466,127.29503,2024-05-31
???????,??????? ??? 771,????,3,044-300-2454,36.478852,127.293973,2024-05-31
???????,??????? ??? 736,????,3,044-300-2454,36.475355,127.285499,2024-05-31
???????,??????? ??? 703,????,3,044-300-2454,36.473425,127.282913,2024-05-31
???????,??????? ??? 298-10,????,3,044-300-2454,36.489219,127.265325,2024-05-31
???????,??????? ??? 823,????,3,044-300-2454,36.488325,127.26002,2024-05-31
???????,??????? ??? 19,????,3,044-300-2454,36.48613,127.254084,2024-05-31
???????,??????? ??? 559,????,3,044-300-2454,36.489917,127.252503,2024-05-31
???????,??????? ??? 739,????,3,044-300-2454,36.498342,127.236961,2024-05-31
???????,??????? ??? 519,????,3,044-300-2454,36.499803,127.254685,2024-05-31
???????,??????? ??? 676,????,3,044-300-2454,36.497884,127.254038,2024-05-31
???????,??????? ??? 2084,????,3,044-300-2454,36.514023,127.240666,2024-05-31
???????,??????? ??? 151,????,3,044-300-2454,36.510773,127.236275,2024-05-31
???????,??????? ??? 2160,????,3,044-300-2454,36.509237,127.238595,2024-05-31
???????,??????? ??? 251-3,????,4,044-300-2454,36.486753,127.265238,2024-05-31
???????,??????? ????? 30,????,4,044-300-2454,36.486699,127.265046,2024-05-31
???????,??????? ??? 235-11,????,4,044-300-2454,36.485487,127.262997,2024-05-31
???????,??????? ??? 823,????,4,044-300-2454,36.485294,127.26164,2024-05-31
???????,??????? ??? 510-17,????,4,044-300-2454,36.487164,127.295842,2024-05-31
???????,??????? ??? 435-1,????,4,044-300-2454,36.486727,127.295059,2024-05-31
???????,??????? ??? 314-47,????,4,044-300-2454,36.476941,127.278924,2024-05-31
???????,??????? ??? 314-31,????,4,044-300-2454,36.476518,127.278205,2024-05-31
???????,??????? ??? 201-4,????,3,044-300-2454,36.480955,127.316444,2024-05-31
???????,??????? ??? 203-189,????,3,044-300-2454,36.480236,127.312596,2024-05-31
???????,??????? ??? 9-67,????,3,044-300-2454,36.478766,127.304438,2024-05-31
???????,??????? ??? 52,????,3,044-300-2454,36.478051,127.29954,2024-05-31
???????,??????? ??? 313-2,????,3,044-300-2454,36.476254,127.296425,2024-05-31
???????,??????? ??? 683-1,????,3,044-300-2454,36.474285,127.293376,2024-05-31
???????,??????? ??? 700-22,????,3,044-300-2454,36.473733,127.290453,2024-05-31
???????,??????? ??? 77-9,????,3,044-300-2454,36.471332,127.285793,2024-05-31
???????,??????? ????? 60,????,4,044-300-2454,36.49357,127.276195,2024-05-31
???????,??????? ??? 114-357,????,3,044-300-2454,36.495267,127.277203,2024-05-31
???????,??????? ??? 107-118,????,3,044-300-2454,36.48985,127.271262,2024-05-31
???????,??????? ??? 107-111,????,3,044-300-2454,36.490362,127.272474,2024-05-31
???????,??????? ??? 107-95,????,3,044-300-2454,36.491662,127.272203,2024-05-31
???????,??????? ??? 107-93,????,3,044-300-2454,36.490915,127.273421,2024-05-31
???????,??????? ??? 107-60,????,3,044-300-2454,36.49204,127.276001,2024-05-31
???????,??????? ??? 107-73,????,3,044-300-2454,36.492589,127.274688,2024-05-31
???????,??????? ??? 107-56,????,3,044-300-2454,36.493101,127.276101,2024-05-31
???????,??????? ??? 114-373,????,3,044-300-2454,36.494103,127.27661,2024-05-31
???????,??????? ??? 114-356,????,3,044-300-2454,36.495917,127.277445,2024-05-31
???????,??????? ??? 114-340,????,3,044-300-2454,36.495825,127.278714,2024-05-31
???????,??????? ??? 114-322,????,3,044-300-2454,36.496194,127.279437,2024-05-31
???????,??????? ??? 114-303,????,3,044-300-2454,36.497291,127.279977,2024-05-31
???????,??????? ??? 114-275,????,3,044-300-2454,36.497554,127.281012,2024-05-31
???????,??????? ??? 114-544,????,3,044-300-2454,36.498881,127.281254,2024-05-31
???????,??????? ???? 136,????,3,044-300-2454,36.499039,127.282348,2024-05-31
???????,??????? ??? 114-238,????,3,044-300-2454,36.49939,127.282162,2024-05-31
???????,??????? ??? 114-265,????,3,044-300-2454,36.499331,127.2811,2024-05-31
???????,??????? ??? 114-316,????,3,044-300-2454,36.498382,127.278576,2024-05-31
???????,??????? ??? 114-318,????,3,044-300-2454,36.497385,127.278071,2024-05-31
???????,??????? ??? 114-352,????,3,044-300-2454,36.497039,127.276375,2024-05-31
???????,??????? ??? 114-378,????,3,044-300-2454,36.495924,127.275373,2024-05-31
???????,??????? ??? 107-52,????,3,044-300-2454,36.495485,127.273918,2024-05-31
???????,??????? ??? 107-54,????,3,044-300-2454,36.494563,127.274619,2024-05-31
???????,??????? ??? 107-262,????,3,044-300-2454,36.494279,127.275772,2024-05-31
???????,??????? ??? 107-77,????,3,044-300-2454,36.493774,127.273789,2024-05-31
???????,??????? ??? 107-251,????,3,044-300-2454,36.494501,127.273101,2024-05-31
???????,??????? ??? 107-81,????,3,044-300-2454,36.493129,127.273194,2024-05-31
???????,??????? ??? 548-119,????,3,044-300-2454,36.491335,127.270359,2024-05-31
???????,??????? ??? 679,????,5,044-300-2454,36.514938,127.257297,2024-05-31
???????,??????? ??? 151,????,3,044-300-2454,36.51263,127.236691,2024-05-31
???????,??????? ??? ?56,????,4,044-300-2454,36.492857,127.304789,2024-05-31
???????,??????? ??? 643,????,4,044-300-2454,36.470529,127.273026,2024-05-31
???????,??????? ??? 611-2,????,4,044-300-2454,36.471962,127.276506,2024-05-31
???????,??????? ??? 65-39,????,4,044-300-2454,36.472724,127.275992,2024-05-31
???????,??????? ??? 148-1,????,4,044-300-2454,36.489528,127.25274,2024-05-31
???????,??????? ??? 1073,????,4,044-300-2454,36.47912,127.249734,2024-05-31
???????,??????? ??? 900,????,6,044-300-2454,36.519878,127.260171,2024-05-31
???????,??????? ??? 900,????,6,044-300-2454,36.517785,127.258347,2024-05-31
???????,??????? ??? 1239,????,4,044-300-2454,36.475263,127.249921,2024-05-31
???????,??????? ??3? 32,????,4,044-300-2454,36.526279,127.267313,2024-05-31
???????,??????? ??3? 32,????,4,044-300-2454,36.52627,127.267304,2024-05-31
???????,??????? ??3? 90,????,4,044-300-2454,36.527996,127.270377,2024-05-31
???????,??????? ??? 663,????,4,044-300-2454,36.513816,127.259014,2024-05-31
???????,??????? ??? 215-3,????,4,044-300-2454,36.535718,127.264491,2024-05-31
???????,??????? ??? 199,????,4,044-300-2454,36.536005,127.266086,2024-05-31
???????,??????? ??? 118,????,5,044-300-2454,36.53601,127.269596,2024-05-31
???????,??????? ??? ?10,????,5,044-300-2454,36.53291,127.270446,2024-05-31
???????,??????? ??? ? 10,????,5,044-300-2454,36.53066,127.265915,2024-05-31
???????,??????? ??? 184-5,????,5,044-300-2454,36.533159,127.265158,2024-05-31
???????,??????? ??? 245,????,5,044-300-2454,36.534706,127.262754,2024-05-31
???????,??????? ??? 238,????,4,044-300-2454,36.532894,127.261975,2024-05-31
???????,??????? ??? 1478,????,4,044-300-2454,36.526432,127.256461,2024-05-31
???????,??????? ??? 1479,????,4,044-300-2454,36.525522,127.260899,2024-05-31
???????,??????? ??? 369-1,????,5,044-300-2454,36.527011,127.261374,2024-05-31
???????,??????? ??? 620-1,????,4,044-300-2454,36.528254,127.262495,2024-05-31
???????,??????? ??? ?109-1,????,5,044-300-2454,36.529262,127.25799,2024-05-31
???????,??????? ??? 28,????,4,044-300-2454,36.529214,127.259045,2024-05-31
???????,??????? ??? 626,????,4,044-300-2454,36.529205,127.260246,2024-05-31
???????,??????? ??? 279-3,????,5,044-300-2454,36.529945,127.258808,2024-05-31
???????,??????? ??? 1060,????,5,044-300-2454,36.477722,127.24866,2024-05-31
???????,??????? ??? ? 379,????,5,044-300-2454,36.518612,127.275,2024-05-31
???????,??????? ??? 1285,????,5,044-300-2454,36.5125,127.247887,2024-05-31
???????,??????? ??? 30,????,3,044-300-2454,36.522426,127.276956,2024-05-31
???????,??????? ??? 24,????,5,044-300-2454,36.524084,127.277191,2024-05-31
???????,??????? ??? 18,????,4,044-300-2454,36.524022,127.275608,2024-05-31
???????,??????? ??? 62,????,5,044-300-2454,36.525012,127.275823,2024-05-31
???????,??????? ??? 605,????,4,044-300-2454,36.524492,127.274616,2024-05-31
???????,??????? ??? 13,????,5,044-300-2454,36.523735,127.274993,2024-05-31
???????,??????? ??? 67,????,4,044-300-2454,36.522881,127.274456,2024-05-31
???????,??????? ??2? 78,????,4,044-300-2454,36.525477,127.273636,2024-05-31
???????,??????? ??2? 78,????,5,044-300-2454,36.524489,127.273371,2024-05-31
???????,??????? ??7? 19,????,4,044-300-2454,36.525126,127.272903,2024-05-31
???????,??????? ??? 74-2,????,4,044-300-2454,36.524474,127.272251,2024-05-31
???????,??????? ??? 113-1,????,4,044-300-2454,36.526432,127.272227,2024-05-31
???????,??????? ??? 606,????,4,044-300-2454,36.52554,127.271717,2024-05-31
???????,??????? ??? 77-1,????,4,044-300-2454,36.52364,127.271128,2024-05-31
???????,??????? ??? 115-1,????,5,044-300-2454,36.526536,127.271436,2024-05-31
???????,??????? ??? 94-1,????,4,044-300-2454,36.524707,127.270448,2024-05-31
???????,??????? ??? 84-1,????,5,044-300-2454,36.523837,127.269108,2024-05-31
???????,??????? ??? 472-1,????,5,044-300-2454,36.523626,127.26748,2024-05-31
???????,??????? ??? 473,????,5,044-300-2454,36.523023,127.267431,2024-05-31
???????,??????? ??? ? 10,????,5,044-300-2454,36.527317,127.269567,2024-05-31
???????,??????? ??? ? 10,????,5,044-300-2454,36.526831,127.268523,2024-05-31
???????,??????? ??? ? 10,????,5,044-300-2454,36.525929,127.269217,2024-05-31
???????,??????? ??3? 32,????,4,044-300-2454,36.524857,127.26847,2024-05-31
???????,??????? ??? 464,????,4,044-300-2454,36.52449,127.267067,2024-05-31
???????,??????? ??3? 32,????,3,044-300-2454,36.52516,127.265256,2024-05-31
???????,??????? ??2? 6,????,4,044-300-2454,36.528444,127.267875,2024-05-31
???????,??????? ??2? 6,????,5,044-300-2454,36.527486,127.267436,2024-05-31
???????,??????? ??3? 90,????,4,044-300-2454,36.523513,127.273103,2024-05-31
???????,??????? ??3? 85,????,5,044-300-2454,36.531667,127.268446,2024-05-31
???????,??????? ??3? 85,????,4,044-300-2454,36.530948,127.268876,2024-05-31
???????,??????? ??3? 32,????,5,044-300-2454,36.529731,127.267228,2024-05-31
???????,??????? ??3? 32,????,5,044-300-2454,36.52856,127.264995,2024-05-31
???????,??????? ??3? 32,????,4,044-300-2454,36.527543,127.263916,2024-05-31
???????,??????? ??3? 32,????,4,044-300-2454,36.524227,127.264638,2024-05-31
???????,??????? ??? 603-26,????,3,044-300-2454,36.711199,127.145194,2024-05-31
???????,??????? ??? 285-24,????,3,044-300-2454,36.629548,127.25721,2024-05-31
???????,??????? ??? 364,????,3,044-300-2454,36.680447,127.191953,2024-05-31
???????,??????? ??? 118-1,????,3,044-300-2454,36.603077,127.189459,2024-05-31
???????,??????? ???? 73-2,????,3,044-300-2454,36.559415,127.270989,2024-05-31
???????,??????? ????? 913,????,2,044-300-2454,36.612485,127.247997,2024-05-31
???????,??????? ??? 94-14,????,3,044-300-2454,36.515235,127.220066,2024-05-31
???????,??????? ??? 419-10,????,3,044-300-2454,36.495604,127.205774,2024-05-31
???????,??????? ??1? 240,????,2,044-300-2454,36.478371,127.212346,2024-05-31
???????,??????? ?????9,????,4,044-300-2454,36.532549,127.385049,2024-05-31
???????,??????? ??? 1146-1,????,4,044-300-2454,36.528988,127.368958,2024-05-31
???????,??????? ??? 1146-1,????,4,044-300-2454,36.529341,127.368023,2024-05-31
???????,??????? ?????? 60-11,????,3,044-300-2454,36.53257,127.384978,2024-05-31
???????,??????? ??1? 104,????,3,044-300-2454,36.542947,127.34136,2024-05-31
???????,??????? ??? 710-124,????,3,044-300-2454,36.545341,127.262532,2024-05-31
???????,??????? ??? ?2-3,????,3,044-300-2454,36.597975,127.283883,2024-05-31
???????,??????? ??? 369-4,????,3,044-300-2454,36.595885,127.285198,2024-05-31
???????,??????? ??? 290,????,2,044-300-2454,36.605513,127.293595,2024-05-31
???????,??????? ??1? 5,????,3,044-300-2454,36.606952,127.290851,2024-05-31
???????,??????? ??? 177,????,2,044-300-2454,36.599784,127.296724,2024-05-31
???????,??????? ??? 661,????,3,044-300-2454,36.72356,127.1964,2024-05-31
???????,??????? ??? 130-3,????,3,044-300-2454,36.69979,127.1511,2024-05-31
???????,??????? ??? 371-8,????,3,044-300-2454,36.64353,127.2565,2024-05-31
???????,??????? ??? 118-16,????,3,044-300-2454,36.6595,127.2599,2024-05-31
???????,??????? ??? 557,????,3,044-300-2454,36.67002,127.2277,2024-05-31
???????,??????? ??? 631-3,????,3,044-300-2454,36.64255,127.2778,2024-05-31
???????,??????? ??? 375,????,3,044-300-2454,36.68081,127.2631,2024-05-31
???????,??????? ??? 91,????,2,044-300-2454,36.69511,127.1659,2024-05-31
???????,??????? ??? 415-8,????,2,044-300-2454,36.69183,127.2147,2024-05-31
???????,??????? ??? ? 85-5,????,2,044-300-2454,36.68783,127.1664,2024-05-31
???????,??????? ??? 356-4,????,4,044-300-2454,36.67993,127.2045,2024-05-31
???????,??????? ??? 282-1,????,3,044-300-2454,36.59729,127.1741,2024-05-31
???????,??????? ??? 291-14,????,3,044-300-2454,36.70176,127.2115,2024-05-31
???????,??????? ??? 331,????,3,044-300-2454,36.58935,127.2266,2024-05-31
???????,??????? ??? 384,????,3,044-300-2454,36.56479,127.2838,2024-05-31
???????,??????? ??? 384,????,3,044-300-2454,36.55886,127.2838,2024-05-31
???????,??????? ??? 1211-2,????,3,044-300-2454,36.55599,127.2246,2024-05-31
???????,??????? ??? 652,????,3,044-300-2454,36.57288,127.2898,2024-05-31
???????,??????? ??? 636,????,3,044-300-2454,36.44197,127.2016,2024-05-31
???????,??????? ??? 475-8,????,3,044-300-2454,36.48877,127.1972,2024-05-31
???????,??????? ??? 511-4,????,3,044-300-2454,36.53855,127.1897,2024-05-31
???????,??????? ??? 388,????,3,044-300-2454,36.50461,127.2003,2024-05-31
???????,??????? ??? 125,????,3,044-300-2454,36.45239,127.2262,2024-05-31
???????,??????? ??? 118,????,2,044-300-2454,36.4413,127.2243,2024-05-31
???????,??????? ??2? 22-12,????,3,044-300-2454,36.47195,127.2884,2024-05-31
???????,??????? ??? 190-3,????,2,044-300-2454,36.44699,127.2855,2024-05-31
???????,??????? ???? 615-5,????,3,044-300-2454,36.45868,127.3337,2024-05-31
???????,??????? ??? 267-7,????,3,044-300-2454,36.4397,127.2929,2024-05-31
???????,??????? ??? 590,????,3,044-300-2454,36.47987,127.3277,2024-05-31
???????,??????? ??? 210-7,????,3,044-300-2454,36.46783,127.2824,2024-05-31
???????,??????? ??? 225-6,????,3,044-300-2454,36.46542,127.3069,2024-05-31
???????,??????? ??? 430,????,2,044-300-2454,36.50328,127.3993,2024-05-31
???????,??????? ????? 312,????,3,044-300-2454,36.50191,127.3545,2024-05-31
???????,??????? ??? 1169-2,????,2,044-300-2454,36.53581,127.3667,2024-05-31
???????,??????? ??? 95-1,????,3,044-300-2454,36.49491,127.4056,2024-05-31
???????,??????? ??? 700-2,????,4,044-300-2454,36.57648,127.3101,2024-05-31
???????,??????? ??? 227-8,????,3,044-300-2454,36.5536,127.3404,2024-05-31
???????,??????? ??? 656,????,3,044-300-2454,36.52365,127.352,2024-05-31
???????,??????? ??? 664,????,3,044-300-2454,36.53588,127.3426,2024-05-31
???????,??????? ??? 2,????,3,044-300-2454,36.54288,127.228,2024-05-31
???????,??????? ??? 500,????,3,044-300-2454,36.54348,127.2919,2024-05-31
???????,??????? ?? 132-3,????,2,044-300-2454,36.60575,127.2957,2024-05-31
???????,??????? ??? 344,????,3,044-300-2454,36.58907,127.2969,2024-05-31
???????,??????? ??? 76-3,????,3,044-300-2454,36.60079,127.2899,2024-05-31
???????,??????? ??? 245-9,????,3,044-300-2454,36.63422,127.2911,2024-05-31
???????,??????? ??? 50-5,????,2,044-300-2454,36.61297,127.294,2024-05-31
???????,??????? ??? 289,????,4,044-300-2454,36.60541,127.2921,2024-05-31
???????,??????? ??19? 29,????,3,044-300-2454,36.60704,127.2955,2024-05-31
???????,??????? ??? 945(1),????,1,044-300-2454,36.480042,127.259794,2024-05-31
???????,??????? ??? 40 (???),????,1,044-300-2454,36.48042,127.250482,2024-05-31
???????,??????? ??? 43 (???),????,1,044-300-2454,36.476279,127.253841,2024-05-31
???????,??????? ??? 43 (???),????,1,044-300-2454,36.477392,127.255531,2024-05-31
???????,??????? ??1? 40 (???),????,1,044-300-2454,36.474908,127.24841,2024-05-31
???????,??????? ??? 30 (???),????,1,044-300-2454,36.480087,127.249137,2024-05-31
???????,??????? ??1? 65 (???),????,2,044-300-2454,36.476507,127.247234,2024-05-31
???????,??????? ??? 980,????,1,044-300-2454,36.470788,127.256934,2024-05-31
???????,??????? ??? 15 (???),????,1,044-300-2454,36.479632,127.24777,2024-05-31
???????,??????? ??? 110 (???),????,1,044-300-2454,36.4785,127.261423,2024-05-31
???????,??????? ??? 110 (???),????,1,044-300-2454,36.480115,127.253186,2024-05-31
???????,??????? ??3? 75 (???),????,1,044-300-2454,36.478496,127.2555,2024-05-31
???????,??????? ??3? 10 (???),????,2,044-300-2454,36.482083,127.259524,2024-05-31
???????,??????? ??? 979,????,1,044-300-2454,36.471479,127.257284,2024-05-31
???????,??????? ??? 1234,????,1,044-300-2454,36.476604,127.257304,2024-05-31
???????,??????? ??? 959,????,1,044-300-2454,36.478131,127.261594,2024-05-31
???????,??????? ??? 90 (???),????,1,044-300-2454,36.477256,127.25961,2024-05-31
???????,??????? ??? 86 (???),????,1,044-300-2454,36.479713,127.250556,2024-05-31
???????,??????? ??? 58 (???),????,2,044-300-2454,36.475777,127.256167,2024-05-31
???????,??????? ??? 43 (???),????,1,044-300-2454,36.475682,127.254732,2024-05-31
???????,??????? ??? 30 (???),????,1,044-300-2454,36.475821,127.252192,2024-05-31
???????,??????? ??? 43 (???),????,1,044-300-2454,36.476526,127.252147,2024-05-31
???????,??????? ??? 43 (???),????,1,044-300-2454,36.477441,127.254104,2024-05-31
???????,??????? ??? 32 (???),????,3,044-300-2454,36.477638,127.253685,2024-05-31
???????,??????? ??1? 63 (???),????,2,044-300-2454,36.477807,127.249609,2024-05-31
???????,??????? ??3? 50 (???),????,1,044-300-2454,36.478648,127.25792,2024-05-31
???????,??????? ??? 43 (???),????,1,044-300-2454,36.476556,127.255682,2024-05-31
???????,??????? ??3? 92 (???),????,1,044-300-2454,36.479997,127.254596,2024-05-31
???????,??????? ??3? 70 (???),????,1,044-300-2454,36.480164,127.258783,2024-05-31
???????,??????? ??? 40 (???),????,1,044-300-2454,36.476326,127.251194,2024-05-31
???????,??????? ??? 82 (???),????,1,044-300-2454,36.475696,127.258224,2024-05-31
???????,??????? ??1? 30 (???),????,3,044-300-2454,36.479792,127.259247,2024-05-31
???????,??????? ??? 32 (???),????,3,044-300-2454,36.477519,127.252086,2024-05-31
???????,??????? ??? 5 (???),????,1,044-300-2454,36.479222,127.246694,2024-05-31
???????,??????? ??? 27 (???),????,1,044-300-2454,36.473391,127.254586,2024-05-31
???????,??????? ??? 87 (???),????,1,044-300-2454,36.481942,127.255133,2024-05-31
???????,??????? ??? 72 (???),????,3,044-300-2454,36.481448,127.253818,2024-05-31
???????,??????? ??? 58 (???),????,2,044-300-2454,36.471792,127.253062,2024-05-31
???????,??????? ??? 96 (???),????,1,044-300-2454,36.47549,127.25089,2024-05-31
???????,??????? ??? 1247,????,1,044-300-2454,36.47915,127.25374,2024-05-31
???????,??????? ??? 3 (???),????,3,044-300-2454,36.474701,127.254796,2024-05-31
???????,??????? ??? 883-243,????,4,044-300-2454,36.483078,127.323185,2024-05-31
???????,??????? ??? ? 198,????,3,044-300-2454,36.482519,127.32059,2024-05-31
???????,??????? ??? 789-150,????,3,044-300-2454,36.481504,127.324116,2024-05-31
???????,??????? ??? 1012-3,????,3,044-300-2454,36.500053,127.332933,2024-05-31
???????,??????? ??? 1065,????,3,044-300-2454,36.500223,127.330653,2024-05-31
???????,??????? ??? 883-177,????,5,044-300-2454,36.485345,127.323769,2024-05-31
???????,??????? ??? 785-208,????,3,044-300-2454,36.487351,127.324612,2024-05-31
???????,??????? ??? 785-228,????,4,044-300-2454,36.486275,127.324052,2024-05-31
???????,??????? ??? 785-131,????,3,044-300-2454,36.491948,127.327754,2024-05-31
???????,??????? ??? 785-181,????,3,044-300-2454,36.48886,127.32601,2024-05-31
???????,??????? ??? ? 132,????,3,044-300-2454,36.493846,127.329116,2024-05-31
???????,??????? ??? ? 132,????,3,044-300-2454,36.49442,127.3301,2024-05-31
???????,??????? ??? ? 44,????,4,044-300-2454,36.496389,127.332257,2024-05-31
???????,??????? ??? 1017-6,????,3,044-300-2454,36.497546,127.333787,2024-05-31
???????,??????? ??? ? 34,????,3,044-300-2454,36.498983,127.336956,2024-05-31
???????,??????? ??? ?17-1,????,3,044-300-2454,36.499628,127.337506,2024-05-31
???????,??????? ??? 623-5,????,3,044-300-2454,36.499197,127.335069,2024-05-31
???????,??????? ??? 785-350,????,3,044-300-2454,36.483993,127.317674,2024-05-31
???????,??????? ??? 785-292,????,4,044-300-2454,36.484699,127.319424,2024-05-31
???????,??????? ??? 883-86,????,3,044-300-2454,36.488071,127.322716,2024-05-31
???????,??????? ??? 883-101,????,3,044-300-2454,36.488931,127.321313,2024-05-31
???????,??????? ??? 883-26,????,4,044-300-2454,36.491579,127.321707,2024-05-31
???????,??????? ??? 883-56,????,3,044-300-2454,36.49108,127.321778,2024-05-31
???????,??????? ??? 926-1,????,5,044-300-2454,36.494464,127.320835,2024-05-31
???????,??????? ??? 785-33,????,3,044-300-2454,36.494812,127.322473,2024-05-31
???????,??????? ??? 884,????,3,044-300-2454,36.496255,127.322646,2024-05-31
???????,??????? ??? 927,????,3,044-300-2454,36.495438,127.322749,2024-05-31
???????,??????? ??? 885-1,????,3,044-300-2454,36.496103,127.321515,2024-05-31
???????,??????? ??? 13-79,????,3,044-300-2454,36.497901,127.320371,2024-05-31
???????,??????? ??? 885-1,????,3,044-300-2454,36.497324,127.322218,2024-05-31
???????,??????? ??? 885-1,????,3,044-300-2454,36.497842,127.322554,2024-05-31
???????,??????? ??? 996-4,????,3,044-300-2454,36.498143,127.325175,2024-05-31
???????,??????? ??? 883-161,????,4,044-300-2454,36.484703,127.321145,2024-05-31
???????,??????? ??? 883-206,????,4,044-300-2454,36.484118,127.321907,2024-05-31
???????,??????? ??? 883-148,????,3,044-300-2454,36.485241,127.320271,2024-05-31
???????,??????? ??? 785-94,????,3,044-300-2454,36.489545,127.323831,2024-05-31
???????,??????? ??? 883-42,????,3,044-300-2454,36.490091,127.322921,2024-05-31
???????,??????? ??? 883-72,????,4,044-300-2454,36.490418,127.321443,2024-05-31
???????,??????? ??? 785-57,????,3,044-300-2454,36.493192,127.3225,2024-05-31
???????,??????? ??? 883-2,????,3,044-300-2454,36.49356,127.320704,2024-05-31
???????,??????? ??? 785-557,????,4,044-300-2454,36.494468,127.324118,2024-05-31
???????,??????? ??? ?171,????,3,044-300-2454,36.494339,127.325262,2024-05-31
???????,??????? ??? 792-1,????,3,044-300-2454,36.496182,127.32554,2024-05-31
???????,??????? ??? 1007-2,????,3,044-300-2454,36.499567,127.328225,2024-05-31
???????,??????? ??? 1003-1,????,3,044-300-2454,36.499682,127.327576,2024-05-31
???????,??????? ??? 370,????,3,044-300-2454,36.501561,127.328461,2024-05-31
???????,??????? ??? 996-1,????,3,044-300-2454,36.498856,127.324629,2024-05-31
???????,??????? ??? 883-206,????,4,044-300-2454,36.486255,127.321375,2024-05-31
???????,??????? ??? 785-185,????,3,044-300-2454,36.48939,127.325145,2024-05-31
???????,??????? ??? ?180,????,3,044-300-2454,36.491018,127.324724,2024-05-31
???????,??????? ??? ?173,????,3,044-300-2454,36.492977,127.325334,2024-05-31
???????,??????? ??? ?126,????,3,044-300-2454,36.496171,127.326673,2024-05-31
???????,??????? ??? 781-2,????,3,044-300-2454,36.495118,127.327863,2024-05-31
???????,??????? ??? ?50,????,3,044-300-2454,36.497623,127.330893,2024-05-31
???????,??????? ??? 724-3,????,3,044-300-2454,36.498759,127.331459,2024-05-31
???????,??????? ??? 676,????,2,044-300-2454,36.504472,127.247262,2024-05-31
???????,??????? ??? ??1? 13 (???),????,1,044-300-2454,36.501764,127.24525,2024-05-31
???????,??????? ??? 681,????,1,044-300-2454,36.503409,127.2419,2024-05-31
???????,??????? ???? 25 (???),????,1,044-300-2454,36.501383,127.250459,2024-05-31
???????,??????? ??3? 12 (???),????,2,044-300-2454,36.504927,127.247799,2024-05-31
???????,??????? ??1? 90 (???),????,1,044-300-2454,36.507644,127.245605,2024-05-31
???????,??????? ??? 694,????,1,044-300-2454,36.499418,127.251425,2024-05-31
???????,??????? ??? 30 (???),????,1,044-300-2454,36.508898,127.244317,2024-05-31
???????,??????? ??? ??? 1190 (???),????,1,044-300-2454,36.509088,127.241694,2024-05-31
???????,??????? ??? ??? 80 (???),????,2,044-300-2454,36.499416,127.249521,2024-05-31
???????,??????? ??3? 70 (???),????,1,044-300-2454,36.504089,127.253257,2024-05-31
???????,??????? ???? 65 (???),????,1,044-300-2454,36.504779,127.250234,2024-05-31
???????,??????? ???? 35 (???),????,2,044-300-2454,36.502311,127.250264,2024-05-31
???????,??????? ??3? 145 (???),????,1,044-300-2454,36.505246,127.24514,2024-05-31
???????,??????? ??? ??? 1110 (???),????,2,044-300-2454,36.50189,127.24109,2024-05-31
???????,??????? ??? ??1? 40 (???),????,1,044-300-2454,36.501741,127.252981,2024-05-31
???????,??????? ??? 670,????,1,044-300-2454,36.503594,127.249441,2024-05-31
???????,??????? ??? 676,????,2,044-300-2454,36.503578,127.247845,2024-05-31
??,???? ??? ??? ??? ??? 244-4,????,3,044-300-2454,36.591278,127.310314,2024-05-31
???????,??????? ???? ??? 188-60,????,3,044-300-2454,36.608594,127.288016,2024-05-31
???????,??????? ???? ??12? 3,????,1,044-300-2454,36.602241,127.298007,2024-05-31
??,???? ??? ??? ??? ??? 244-4,????,3,044-300-2454,36.603655,127.306564,2024-05-31
???????,??????? ???? ??? 17-5,????,3,044-300-2454,36.597607,127.292136,2024-05-31
???????,??????? ???? ??? 2,????,3,044-300-2454,36.598985,127.304786,2024-05-31
???????,??????? ???? ?? 490,????,3,044-300-2454,36.5929,127.3011,2024-05-31
???????,??????? ???? ??? 11,????,1,044-300-2454,36.585452,127.294702,2024-05-31
???????,??????? ???? ??? 14,????,2,044-300-2454,36.606509,127.288798,2024-05-31
???????,??????? ???? ??? 248,????,3,044-300-2454,36.602337,127.296615,2024-05-31
???????,??????? ???? ?? 23-1,????,1,044-300-2454,36.604239,127.300821,2024-05-31
??,???? ??? ??? ??? ???? 3,????,4,044-300-2454,36.603936,127.306516,2024-05-31
???????,??????? ???? ???? 45-7,????,2,044-300-2454,36.602119,127.301723,2024-05-31
???????,??????? ???? ??? 2676,????,3,044-300-2454,36.624144,127.290504,2024-05-31
???????,??????? ???? ??? 215,????,3,044-300-2454,36.601447,127.296236,2024-05-31
???????,??????? ???? ??? 130-65,????,3,044-300-2454,36.601959,127.29439,2024-05-31
???????,??????? ???? ??? 243-3,????,2,044-300-2454,36.600912,127.294329,2024-05-31
???????,??????? ???? ??? 148-17,????,1,044-300-2454,36.600971,127.293635,2024-05-31
???????,??????? ???? ??? 185-8,????,3,044-300-2454,36.599469,127.294994,2024-05-31
???????,??????? ???? ??? 185-11,????,1,044-300-2454,36.599468,127.295001,2024-05-31
???????,??????? ???? ??? 166-217,????,3,044-300-2454,36.598875,127.294962,2024-05-31
???????,??????? ???? ??? 243-3,????,3,044-300-2454,36.600125,127.294598,2024-05-31
???????,??????? ???? ??? 122,????,3,044-300-2454,36.603064,127.298125,2024-05-31
???????,??????? ???? ??5? 28,????,3,044-300-2454,36.604926,127.29282,2024-05-31
???????,??????? ???? ??? 89,????,4,044-300-2454,36.599189,127.298352,2024-05-31
???????,??????? ???? ???38-11,????,3,044-300-2454,36.601424,127.280278,2024-05-31
???????,??????? ???? ???65-25,????,4,044-300-2454,36.604781,127.279476,2024-05-31
???????,??????? ???? ???183,????,5,044-300-2454,36.604826,127.282791,2024-05-31
???????,??????? ???? ???65-9,????,5,044-300-2454,36.604065,127.280551,2024-05-31
???????,??????? ???? ???90-14,????,4,044-300-2454,36.603003,127.279947,2024-05-31
???????,??????? ???? ???62-11,????,5,044-300-2454,36.603391,127.284125,2024-05-31
???????,??????? ???? ???57,????,5,044-300-2454,36.602871,127.282669,2024-05-31
???????,??????? ???? ???67,????,4,044-300-2454,36.602304,127.281935,2024-05-31
???????,??????? ???? ???262-5,????,4,044-300-2454,36.60446,127.284484,2024-05-31
???????,??????? ???? ???50,????,4,044-300-2454,36.60202,127.284852,2024-05-31
???????,??????? ??12? 32,????,2,044-300-2454,36.60238,127.299623,2024-05-31
???????,??????? ???3? 19,????,2,044-300-2454,36.602234,127.298487,2024-05-31
???????,??????? ???? ??? 37,????,3,044-300-2454,36.613454,127.288449,2024-05-31
???????,??????? ???? ?????? 12-1,????,1,044-300-2454,36.611377,127.298498,2024-05-31
???????,??????? ???? ?? 1-14,????,2,044-300-2454,36.606757,127.298684,2024-05-31
???????,??????? ???? ??11? 6,????,3,044-300-2454,36.602256,127.297705,2024-05-31
???????,??????? ???? ??1? 20,????,2,044-300-2454,36.618988,127.288559,2024-05-31
???????,??????? ???? ??1? 46,????,3,044-300-2454,36.595537,127.300371,2024-05-31
???????,??????? ???? ??? 48-12 (????),????,3,044-300-2454,36.593406,127.298274,2024-05-31
???????,??????? ???? ?? 84,????,3,044-300-2454,36.595287,127.303549,2024-05-31
???????,??????? ???? ??? 49-4,????,3,044-300-2454,36.61748,127.291538,2024-05-31
???????,??????? ???? ??1? 11,????,3,044-300-2454,36.618904,127.289229,2024-05-31
???????,??????? ???? ??? 371-3,????,2,044-300-2454,36.618324,127.288227,2024-05-31
???????,??????? ???? ??? 364-44,????,3,044-300-2454,36.616435,127.286994,2024-05-31
???????,??????? ???? ??? 374-14,????,3,044-300-2454,36.61815,127.28955,2024-05-31
???????,??????? ???? ??? 66-57,????,5,044-300-2454,36.58878,127.296752,2024-05-31
???????,??????? ???? ??? 90-14,????,5,044-300-2454,36.590346,127.293786,2024-05-31
???????,??????? ???? ??? 127-2,????,3,044-300-2454,36.621838,127.290578,2024-05-31
???????,??????? ???? ??? 59,????,3,044-300-2454,36.614505,127.282405,2024-05-31
???????,??????? ???? ??? 136-3,????,2,044-300-2454,36.625477,127.288059,2024-05-31
???????,??????? ???? ??? 87-14,????,4,044-300-2454,36.600849,127.29169,2024-05-31
???????,??????? ???? ??? 236,????,2,044-300-2454,36.612038,127.296436,2024-05-31
???????,??????? ???? ??? 39-50,????,2,044-300-2454,36.586086,127.299117,2024-05-31
???????,??????? ???? ??2? 19,????,2,044-300-2454,36.607528,127.290253,2024-05-31
???????,??????? ???? ??? 197-7,????,2,044-300-2454,36.609544,127.295852,2024-05-31
???????,??????? ???? ??? 243-9,????,3,044-300-2454,36.601496,127.293263,2024-05-31
???????,??????? ???? ??? 164,????,4,044-300-2454,36.590722,127.296592,2024-05-31
???????,??????? ???? ??2? 19,????,2,044-300-2454,36.593809,127.296615,2024-05-31
???????,??????? ???? ??? 218,????,3,044-300-2454,36.607933,127.293749,2024-05-31
???????,??????? ???? ??? 39,????,2,044-300-2454,36.598057,127.301737,2024-05-31
???????,??????? ???? ???? 30,????,4,044-300-2454,36.609338,127.290394,2024-05-31
???????,??????? ???? ??? 307-5,????,3,044-300-2454,36.620523,127.26925,2024-05-31
???????,??????? ???? ??? 6,????,2,044-300-2454,36.598554,127.293771,2024-05-31
???????,??????? ???? ??12? 9-12,????,2,044-300-2454,36.604657,127.293334,2024-05-31
???????,??????? ???? ??? 191,????,1,044-300-2454,36.605422,127.294101,2024-05-31
???????,??????? ???? ?????? 26-14,????,1,044-300-2454,36.615392,127.291298,2024-05-31
???????,??????? ???? ??? 37,????,3,044-300-2454,36.614054,127.28919,2024-05-31
???????,??????? ???? ??? 47-3,????,2,044-300-2454,36.612058,127.295071,2024-05-31
???????,??????? ???? ??7? 13,????,2,044-300-2454,36.601779,127.287828,2024-05-31
???????,??????? ???? ??? 88-6,????,4,044-300-2454,36.595485,127.291134,2024-05-31
???????,??????? ???? ??? 177,????,2,044-300-2454,36.603648,127.296071,2024-05-31
???????,??????? ???? ??? 394,????,4,044-300-2454,36.593214,127.288295,2024-05-31
???????,??????? ???? ???  543,????,2,044-300-2454,36.61647,127.285163,2024-05-31
???????,??????? ???? ??? 399,????,2,044-300-2454,36.589514,127.291527,2024-05-31
???????,??????? ???? ??10? 2,????,3,044-300-2454,36.603664,127.291459,2024-05-31
???????,??????? ???? ?? 166-1,????,2,044-300-2454,36.598009,127.297338,2024-05-31
???????,??????? ???? ??? 90-4,????,2,044-300-2454,36.586195,127.294677,2024-05-31
???????,??????? ???? ???5? 31,????,2,044-300-2454,36.602823,127.299033,2024-05-31
???????,??????? ???? ?? 145,????,1,044-300-2454,36.606808,127.295914,2024-05-31
???????,??????? ???? ??? 8-9,????,3,044-300-2454,36.597112,127.2945,2024-05-31
???????,??????? ???? ??? 107-1,????,4,044-300-2454,36.585996,127.296209,2024-05-31
???????,??????? ???? ?? 86,????,2,044-300-2454,36.599966,127.304459,2024-05-31
???????,??????? ???? ?? 60-5,????,4,044-300-2454,36.598302,127.299275,2024-05-31
???????,??????? ???? ?? 117-10,????,3,044-300-2454,36.602595,127.300931,2024-05-31
???????,??????? ???? ???? 30,????,4,044-300-2454,36.608954,127.29193,2024-05-31
???????,??????? ???? ??? 221,????,2,044-300-2454,36.608339,127.293288,2024-05-31
???????,??????? ???? ??? 280-1,????,3,044-300-2454,36.60125,127.288538,2024-05-31
???????,??????? ???? ??18? 36-1,????,2,044-300-2454,36.605116,127.299456,2024-05-31
???????,??????? ???? ??? 185-1,????,3,044-300-2454,36.590378,127.293619,2024-05-31
???????,??????? ???? ??? 259-5,????,1,044-300-2454,36.604003,127.293839,2024-05-31
???????,??????? ???? ?? 27-1,????,3,044-300-2454,36.604553,127.298732,2024-05-31
???????,??????? ???? ??? 60-2,????,2,044-300-2454,36.603408,127.287472,2024-05-31
???????,??????? ???? ??18-10,????,4,044-300-2454,36.602434,127.303145,2024-05-31
???????,??????? ???? ?? 27-1,????,3,044-300-2454,36.604976,127.298057,2024-05-31
???????,??????? ???? ??14? 7,????,2,044-300-2454,36.603245,127.297847,2024-05-31
???????,??????? ???? ??? 108,????,1,044-300-2454,36.601373,127.298598,2024-05-31
???????,??????? ???? ??4? 18,????,1,044-300-2454,36.60447,127.291885,2024-05-31
???????,??????? ???? ???1? 16,????,1,044-300-2454,36.607166,127.299696,2024-05-31
???????,??????? ???? ??144,????,2,044-300-2454,36.597678,127.302452,2024-05-31
???????,??????? ???? ??? ?20-11,????,2,044-300-2454,36.604034,127.27523,2024-05-31
???????,??????? ???? ????? 29,????,2,044-300-2454,36.596994,127.293559,2024-05-31
???????,??????? ???? ??? 5,????,3,044-300-2454,36.603257,127.290349,2024-05-31
???????,??????? ???? ??? 68-10,????,2,044-300-2454,36.594286,127.295185,2024-05-31
???????,??????? ???? ???? 49,????,2,044-300-2454,36.606153,127.300447,2024-05-31
???????,??????? ???? ?? 141-54,????,4,044-300-2454,36.600828,127.296822,2024-05-31
???????,??????? ???? ??82,????,1,044-300-2454,36.60062,127.301301,2024-05-31
???????,??????? ???? ??? 132,????,4,044-300-2454,36.590438,127.292767,2024-05-31
???????,??????? ???? ??? 215,????,2,044-300-2454,36.603798,127.296219,2024-05-31
???????,??????? ???? ??? 215,????,2,044-300-2454,36.603741,127.296243,2024-05-31
???????,??????? ???? ??? 8,????,3,044-300-2454,36.625404,127.289933,2024-05-31
???????,??????? ???? ??12? 68,????,4,044-300-2454,36.602847,127.301795,2024-05-31
???????,??????? ???? ?? 115-20,????,3,044-300-2454,36.603575,127.301324,2024-05-31
???????,??????? ???? ??14? 97,????,4,044-300-2454,36.604215,127.302864,2024-05-31
???????,??????? ???? ???3? 17,????,4,044-300-2454,36.605299,127.300761,2024-05-31
???????,??????? ???? ???? 67,????,4,044-300-2454,36.605766,127.3013,2024-05-31
???????,??????? ???? ??? 209-4,????,1,044-300-2454,36.58305,127.291729,2024-05-31
???????,??????? ???? ??14? 42,????,3,044-300-2454,36.603048,127.30024,2024-05-31
???????,??????? ???? ??? 320-6,????,2,044-300-2454,36.618508,127.290094,2024-05-31
???????,??????? ???? ?? 157,????,2,044-300-2454,36.597429,127.297218,2024-05-31
???????,??????? ???? ??5? 7,????,4,044-300-2454,36.604734,127.29111,2024-05-31
???????,???? ??? ??? ??? 693-45,????,4,044-300-2454,36.585836,127.300299,2024-05-31
???????,??????? ???? ??1? 23,????,3,044-300-2454,36.601489,127.289212,2024-05-31
???????,??????? ???? ?? 13,????,3,044-300-2454,36.602047,127.300509,2024-05-31
???????,??????? ???? ?? 490,????,4,044-300-2454,36.596604,127.299655,2024-05-31
???????,??????? ???? ?? 12-2,????,4,044-300-2454,36.600112,127.301914,2024-05-31
???????,??????? ???? ???5? 24,????,3,044-300-2454,36.607464,127.292357,2024-05-31
???????,??????? ???? ??? 493-5,????,3,044-300-2454,36.624373,127.286567,2024-05-31
???????,??????? ???? ?? 52-9,????,1,044-300-2454,36.599871,127.303936,2024-05-31
???????,??????? ???? ??11? 12,????,1,044-300-2454,36.604491,127.292506,2024-05-31
???????,??????? ???? ??? 382,????,2,044-300-2454,36.59472,127.284136,2024-05-31
???????,??????? ???? ?? 28-1,????,2,044-300-2454,36.603269,127.303709,2024-05-31
???????,??????? ???? ?? 157,????,2,044-300-2454,36.595628,127.297261,2024-05-31
???????,??????? ???? ??? 219-2,????,2,044-300-2454,36.62954,127.287454,2024-05-31
???????,??????? ???? ??? 56,????,3,044-300-2454,36.596804,127.301328,2024-05-31
???????,??????? ???? ???248,????,1,044-300-2454,36.603064,127.288561,2024-05-31
???????,??????? ???? ??? 160-14,????,3,044-300-2454,36.582998,127.292822,2024-05-31
???????,??????? ???? ?? 62-24,????,2,044-300-2454,36.597428,127.300516,2024-05-31
???????,??????? ???? ?? 63-4,????,4,044-300-2454,36.598444,127.300413,2024-05-31
???????,??????? ???? ??? 76-4,????,3,044-300-2454,36.595602,127.293506,2024-05-31
???????,??????? ???? ??? 90-11,????,4,044-300-2454,36.585503,127.294788,2024-05-31
???????,??????? ???? ?? 85,????,2,044-300-2454,36.601706,127.304936,2024-05-31
???????,??????? ???? ??14? 42,????,3,044-300-2454,36.603061,127.300245,2024-05-31
???????,??????? ???? ??? 16,????,3,044-300-2454,36.605059,127.296286,2024-05-31
???????,??????? ???? ??? 206-10,????,3,044-300-2454,36.590575,127.299,2024-05-31
???????,??????? ???? ??? 384,????,3,044-300-2454,36.591065,127.29519,2024-05-31
???????,??????? ???? ??? 177-1,????,3,044-300-2454,36.592752,127.28645,2024-05-31
???????,??????? ???? ??? 13,????,3,044-300-2454,36.596166,127.28969,2024-05-31
???????,??????? ???? ??? 253-27,????,2,044-300-2454,36.595669,127.28941,2024-05-31
???????,??????? ???? ????? 21-1,????,2,044-300-2454,36.596971,127.291431,2024-05-31
???????,??????? ???? ?? 53,????,2,044-300-2454,36.605429,127.297272,2024-05-31
???????,??????? ???? ??? 193-3,????,1,044-300-2454,36.606697,127.292936,2024-05-31
???????,??????? ???? ??9? 8,????,1,044-300-2454,36.603886,127.289859,2024-05-31
???????,??????? ???? ??? 177-15,????,3,044-300-2454,36.607573,127.289243,2024-05-31
???????,??????? ???? ??? 28,????,1,044-300-2454,36.606087,127.287036,2024-05-31
???????,??????? ???? ??? 202-2,????,1,044-300-2454,36.606347,127.294109,2024-05-31
???????,??????? ???? ??? 31,????,2,044-300-2454,36.598403,127.296058,2024-05-31
???????,??????? ???? ?? 487,????,3,044-300-2454,36.598375,127.304415,2024-05-31
???????,??????? ???? ??? 339,????,3,044-300-2454,36.598805,127.27597,2024-05-31
???????,??????? ???? ?? 154-9,????,3,044-300-2454,36.596437,127.297647,2024-05-31
???????,??????? ???? ?? 154-9,????,3,044-300-2454,36.597317,127.297466,2024-05-31
???????,??????? ???? ??? 392-3,????,3,044-300-2454,36.615616,127.288354,2024-05-31
???????,??????? ???? ??? 392-3,????,5,044-300-2454,36.61459,127.290387,2024-05-31
???????,??????? ???? ??1? 40,????,1,044-300-2454,36.60865,127.289506,2024-05-31
???????,??????? ???? ??? 359-1,????,1,044-300-2454,36.614995,127.287884,2024-05-31
???????,??????? ???? ??? 159 (?????),????,1,044-300-2454,36.603493,127.292663,2024-05-31
???????,??????? ???? ??? 501-4,????,1,044-300-2454,36.617272,127.28648,2024-05-31
???????,??????? ???? ???? 17,????,1,044-300-2454,36.605587,127.291438,2024-05-31
???????,??????? ???? ??? 244-2,????,3,044-300-2454,36.592886,127.300649,2024-05-31
???????,??????? ???? ??? 58,????,3,044-300-2454,36.596655,127.301805,2024-05-31
???????,??????? ???? ???? 45-11,????,3,044-300-2454,36.602508,127.30217,2024-05-31
???????,??????? ???? ??? 496,????,3,044-300-2454,36.622978,127.290389,2024-05-31
???????,??????? ???? ?? 24,????,1,044-300-2454,36.600842,127.303868,2024-05-31
???????,??????? ???? ???? 98,????,1,044-300-2454,36.590731,127.300981,2024-05-31
???????,??????? ???? ?? 95-2,????,1,044-300-2454,36.601274,127.302428,2024-05-31
???????,??????? ???? ??? 248 (?????),????,1,044-300-2454,36.602773,127.296509,2024-05-31
???????,??????? ???? ??? 404-3,????,3,044-300-2454,36.612891,127.280407,2024-05-31
???????,??????? ???? ??? 179-1,????,2,044-300-2454,36.598996,127.293718,2024-05-31
???????,??????? ???? ??? 330-1,????,2,044-300-2454,36.597745,127.289826,2024-05-31
???????,??????? ???? ??12? 32,????,2,044-300-2454,36.602387,127.299691,2024-05-31
???????,??????? ???? ???3? 10,????,3,044-300-2454,36.613166,127.294819,2024-05-31
???????,??????? ???? ??? 60,????,3,044-300-2454,36.605907,127.281814,2024-05-31
???????,??????? ???? ??1? 101 (?????),????,2,044-300-2454,36.596204,127.302668,2024-05-31
???????,??????? ???? ????? 25,????,3,044-300-2454,36.596068,127.294761,2024-05-31
???????,??????? ???? ??? 91-2,????,3,044-300-2454,36.610604,127.296749,2024-05-31
???????,??????? ???? ??? 240-4,????,2,044-300-2454,36.598431,127.288342,2024-05-31
???????,??????? ???? ??? 100-8,????,1,044-300-2454,36.603537,127.294083,2024-05-31
???????,??????? ???? ?? 40,????,3,044-300-2454,36.599518,127.300229,2024-05-31
???????,??????? ???? ??? 288,????,4,044-300-2454,36.60192,127.289718,2024-05-31
???????,??????? ???? ??? ??3? 1,????,3,044-300-2454,36.599453,127.289552,2024-05-31
???????,??????? ???? ??4? 12,????,4,044-300-2454,36.60021,127.288125,2024-05-31
???????,??????? ???? ??? 239-10,????,3,044-300-2454,36.607822,127.285572,2024-05-31
???????,??????? ???? ????? 13,????,3,044-300-2454,36.595128,127.294801,2024-05-31
???????,??????? ???? ??? 96-6,????,3,044-300-2454,36.592101,127.29646,2024-05-31
???????,??????? ???? ??? 248,????,3,044-300-2454,36.602138,127.296273,2024-05-31
???????,??????? ???? ??? 248,????,3,044-300-2454,36.602717,127.296101,2024-05-31
???????,??????? ???? ??? 378-5,????,3,044-300-2454,36.617364,127.288724,2024-05-31
???????,??????? ???? ??? 489-2,????,2,044-300-2454,36.634409,127.288813,2024-05-31
???????,??????? ???? ???105-2,????,4,044-300-2454,36.607408,127.296958,2024-05-31
???????,??????? ???? ???11-30,????,2,044-300-2454,36.597449,127.293352,2024-05-31
???????,??????? ???? ??? 89-4,????,4,044-300-2454,36.600659,127.276175,2024-05-31
???????,??????? ???? ??? 144-12,????,3,044-300-2454,36.601126,127.294863,2024-05-31
???????,??????? ???? ??? 445-19,????,2,044-300-2454,36.6187,127.28568,2024-05-31
???????,??????? ???? ??2? 23,????,2,044-300-2454,36.594863,127.300492,2024-05-31
???????,??????? ???? ??? 162-3,????,3,044-300-2454,36.606941,127.277957,2024-05-31
???????,??????? ???? ?? 52-5,????,4,044-300-2454,36.604644,127.301943,2024-05-31
???????,??????? ???? ??? 123,????,1,044-300-2454,36.592517,127.293545,2024-05-31
???????,??????? ???? ?? 157,????,4,044-300-2454,36.596985,127.296331,2024-05-31
???????,??????? ??? ??? 130-8,????,3,044-300-2454,36.682044,127.196867,2024-05-31
???????,??????? ??? ??? 130-8,????,3,044-300-2454,36.682105,127.197337,2024-05-31
???????,??????? ??? ??? 269-24,????,3,044-300-2454,36.678544,127.203452,2024-05-31
???????,??????? ??? ??? 315-45,????,3,044-300-2454,36.679455,127.197326,2024-05-31
???????,??????? ??? ??? 525,????,3,044-300-2454,36.64931,127.186519,2024-05-31
???????,??????? ??? ??? 357,????,3,044-300-2454,36.6788,127.1948,2024-05-31
???????,??????? ??? ??? 190,????,3,044-300-2454,36.6683,127.1918,2024-05-31
???????,??????? ??? ??? 60,????,2,044-300-2454,36.674072,127.194034,2024-05-31
???????,??????? ??? ??? 505-15,????,2,044-300-2454,36.654245,127.189065,2024-05-31
???????,??????? ??? ??? 20-12,????,4,044-300-2454,36.678559,127.204718,2024-05-31
???????,??????? ??? ??? 98-1,????,1,044-300-2454,36.68074,127.197286,2024-05-31
???????,??????? ??? ???? 1204-9,????,4,044-300-2454,36.680881,127.202336,2024-05-31
???????,??????? ??? ??? 696-1??,????,2,044-300-2454,36.681333,127.168882,2024-05-31
???????,??????? ??? ??? 582-9,????,3,044-300-2454,36.689997,127.205197,2024-05-31
???????,??????? ??? ???? 21,????,3,044-300-2454,36.679687,127.180462,2024-05-31
???????,??????? ??? ??? 117-3,????,3,044-300-2454,36.682533,127.209506,2024-05-31
???????,??????? ??? ???1? 59,????,3,044-300-2454,36.681103,127.214132,2024-05-31
???????,??????? ??? ????? 17,????,3,044-300-2454,36.674537,127.206393,2024-05-31
???????,??????? ??? ?????? 34,????,3,044-300-2454,36.682845,127.206436,2024-05-31
???????,??????? ??? ??? 13,????,1,044-300-2454,36.687966,127.191738,2024-05-31
???????,??????? ??? ??? 86-1,????,3,044-300-2454,36.654843,127.187283,2024-05-31
???????,??????? ??? ??? 95-1,????,3,044-300-2454,36.675981,127.206469,2024-05-31
???????,??????? ??? ??? 157-23,????,2,044-300-2454,36.67999,127.208076,2024-05-31
???????,??????? ??? ??? 258-2,????,3,044-300-2454,36.679596,127.201903,2024-05-31
???????,??????? ??? ??? 253-13,????,1,044-300-2454,36.679349,127.203844,2024-05-31
???????,??????? ??? ??? 361-3,????,2,044-300-2454,36.640542,127.177396,2024-05-31
???????,??????? ??? ??? 153-1,????,3,044-300-2454,36.603987,127.186347,2024-05-31
???????,??????? ??? ????2? 2-4,????,3,044-300-2454,36.681931,127.204434,2024-05-31
???????,??????? ??? ??? 8-5,????,4,044-300-2454,36.676142,127.199383,2024-05-31
???????,??????? ??? ????2? 2-4,????,4,044-300-2454,36.67176,127.216685,2024-05-31
???????,??????? ??? ??? 120-3,????,3,044-300-2454,36.60859,127.172274,2024-05-31
???????,??????? ??? ??? 98-12,????,2,044-300-2454,36.681357,127.196406,2024-05-31
???????,??????? ??? ??? 218-2,????,3,044-300-2454,36.679173,127.205202,2024-05-31
???????,??????? ??? ??? 200-1,????,1,044-300-2454,36.679813,127.205792,2024-05-31
???????,??????? ??? ??? 615,????,1,044-300-2454,36.7028,127.217595,2024-05-31
???????,??????? ??? ??? 192-1,????,2,044-300-2454,36.680319,127.203887,2024-05-31
???????,??????? ??? ??? 327-4,????,3,044-300-2454,36.679103,127.195819,2024-05-31
???????,??????? ??? ??? 843-34,????,3,044-300-2454,36.679509,127.176124,2024-05-31
???????,??????? ??? ??1? 31,????,2,044-300-2454,36.662101,127.187951,2024-05-31
???????,??????? ??? ??? 348,????,1,044-300-2454,36.700458,127.234641,2024-05-31
???????,??????? ??? ???? 41,????,3,044-300-2454,36.682364,127.203051,2024-05-31
???????,??????? ??? ??? 193-1,????,3,044-300-2454,36.679609,127.207114,2024-05-31
???????,??????? ??? ??? 4-6,????,2,044-300-2454,36.670733,127.195077,2024-05-31
???????,??????? ??? ??? 120-4,????,1,044-300-2454,36.609671,127.172146,2024-05-31
???????,??????? ??? ??? 330-4,????,4,044-300-2454,36.639476,127.176275,2024-05-31
???????,??????? ??? ??? 381-8,????,2,044-300-2454,36.627062,127.174465,2024-05-31
???????,??????? ??? ???507-3,????,3,044-300-2454,36.690116,127.209528,2024-05-31
???????,??????? ??? ???? 1204-9,????,4,044-300-2454,36.680928,127.203743,2024-05-31
???????,??????? ??? ??? 33,????,3,044-300-2454,36.677986,127.206084,2024-05-31
???????,??????? ??? ???? 407,????,2,044-300-2454,36.71263,127.211386,2024-05-31
???????,??????? ??? ??? 696-1 ??,????,1,044-300-2454,36.681604,127.169959,2024-05-31
???????,??????? ??? ??? 154-1,????,1,044-300-2454,36.717517,127.211733,2024-05-31
???????,??????? ??? ??? 526,????,4,044-300-2454,36.603411,127.167741,2024-05-31
???????,??????? ??? ??? 368-3,????,3,044-300-2454,36.649522,127.213778,2024-05-31
???????,??????? ??? ??? 240-1,????,4,044-300-2454,36.626038,127.236248,2024-05-31
???????,??????? ??? ??? 614-2,????,3,044-300-2454,36.655078,127.26633,2024-05-31
???????,??????? ??? ??? 163-2,????,3,044-300-2454,36.664067,127.255361,2024-05-31
???????,??????? ??? ??? 178-1,????,3,044-300-2454,36.6306,127.2659,2024-05-31
???????,??????? ??? ???? 362,????,1,044-300-2454,36.653857,127.266346,2024-05-31
???????,??????? ??? ???4? 9,????,2,044-300-2454,36.65562,127.265046,2024-05-31
???????,??????? ??? ??? 528,????,3,044-300-2454,36.683042,127.217695,2024-05-31
???????,??????? ??? ??? 50-1,????,4,044-300-2454,36.662542,127.214183,2024-05-31
???????,??????? ??? ??? 50-2,????,3,044-300-2454,36.62764,127.248406,2024-05-31
???????,??????? ??? ??? 64-1,????,3,044-300-2454,36.658303,127.233009,2024-05-31
???????,??????? ??? ???? 24-8,????,3,044-300-2454,36.670241,127.275002,2024-05-31
???????,??????? ??? ??? 386-6,????,2,044-300-2454,36.632537,127.273334,2024-05-31
???????,??????? ??? ??? 456-5,????,1,044-300-2454,36.665652,127.245703,2024-05-31
???????,??????? ??? ??? 108-2,????,1,044-300-2454,36.682746,127.26492,2024-05-31
???????,??????? ??? ??? 30-3,????,3,044-300-2454,36.673378,127.301571,2024-05-31
???????,??????? ??? ???205-11,????,1,044-300-2454,36.639656,127.268957,2024-05-31
???????,??????? ??? ??? 606-1,????,1,044-300-2454,36.655969,127.26887,2024-05-31
???????,??????? ??? ???3? 9,????,1,044-300-2454,36.655847,127.266243,2024-05-31
???????,??????? ??? ??? 337-3,????,3,044-300-2454,36.649439,127.271417,2024-05-31
???????,??????? ??? ??? 361-6,????,3,044-300-2454,36.658739,127.256021,2024-05-31
???????,??????? ??? ??? 219-10,????,3,044-300-2454,36.664602,127.219609,2024-05-31
???????,??????? ??? ??? 11-1,????,4,044-300-2454,36.630544,127.25636,2024-05-31
???????,??????? ??? ??? 351-2,????,3,044-300-2454,36.644078,127.276415,2024-05-31
???????,??????? ??? ??? 118-3,????,3,044-300-2454,36.670578,127.224681,2024-05-31
???????,??????? ??? ??? 708-4,????,3,044-300-2454,36.655247,127.264358,2024-05-31
???????,??????? ??? ??? 588-7,????,1,044-300-2454,36.655589,127.267214,2024-05-31
???????,??????? ??? ??? 556-2,????,3,044-300-2454,36.661699,127.257264,2024-05-31
???????,??????? ??? ??? 184,????,2,044-300-2454,36.630762,127.269569,2024-05-31
???????,??????? ??? ??? 311,????,2,044-300-2454,36.625065,127.232756,2024-05-31
???????,??????? ??? ??? 166,????,2,044-300-2454,36.638001,127.217282,2024-05-31
???????,??????? ??? ??? 687-24,????,2,044-300-2454,36.664111,127.274044,2024-05-31
???????,??????? ??? ??? 230-9,????,3,044-300-2454,36.4549,127.21208,2024-05-31
???????,??????? ??? ??? 622,????,3,044-300-2454,36.45546,127.21169,2024-05-31
???????,??????? ??? ??? 218-7,????,3,044-300-2454,36.45647,127.21051,2024-05-31
???????,??????? ??? ??? 620,????,3,044-300-2454,36.45659,127.21101,2024-05-31
???????,??????? ??? ??? 202,????,3,044-300-2454,36.45779,127.21183,2024-05-31
???????,??????? ??? ??? 92,????,4,044-300-2454,36.497639,127.188881,2024-05-31
???????,??????? ??? ??? 445-57,????,4,044-300-2454,36.496002,127.192935,2024-05-31
???????,??????? ??? ??? 193,????,3,044-300-2454,36.45959,127.211882,2024-05-31
???????,??????? ??? ??? 354,????,3,044-300-2454,36.438223,127.218637,2024-05-31
???????,??????? ??? ??? 343-1,????,3,044-300-2454,36.499095,127.218259,2024-05-31
???????,??????? ??? ??? 506-1,????,3,044-300-2454,36.5034,127.2289,2024-05-31
???????,??????? ??? ??? 703,????,4,044-300-2454,36.510503,127.209181,2024-05-31
???????,??????? ??? ??? 713,????,3,044-300-2454,36.549303,127.206645,2024-05-31
???????,??????? ??? ??? 693,????,4,044-300-2454,36.561948,127.212122,2024-05-31
???????,??????? ??? ??? 407,????,3,044-300-2454,36.438673,127.209204,2024-05-31
???,???? ??? ??? 19-48,????,4,044-300-2454,36.489181,127.192818,2024-05-31
???????,??????? ??? ??? 411-1,????,2,044-300-2454,36.439381,127.206941,2024-05-31
???????,??????? ??? ??? 154-45,????,2,044-300-2454,36.497392,127.205711,2024-05-31
???????,??????? ??? ??? 292-6,????,3,044-300-2454,36.54934,127.190442,2024-05-31
???????,??????? ??? ??? 359,????,4,044-300-2454,36.495283,127.202727,2024-05-31
???????,??????? ??? ??? 15-10,????,3,044-300-2454,36.475804,127.238405,2024-05-31
???????,??????? ??? ??? 567,????,3,044-300-2454,36.499153,127.220877,2024-05-31
???????,??????? ??? ??? 259,????,3,044-300-2454,36.448367,127.210657,2024-05-31
???????,??????? ??? ??? 317-1,????,3,044-300-2454,36.495073,127.210335,2024-05-31
???????,??????? ??? ??? 484-3,????,3,044-300-2454,36.495634,127.198905,2024-05-31
???????,??????? ??? ??? 230-4,????,2,044-300-2454,36.455045,127.211238,2024-05-31
???????,??????? ??? ??? 55,????,3,044-300-2454,36.521532,127.226537,2024-05-31
???????,??????? ??? ??? 438-1,????,2,044-300-2454,36.500617,127.215477,2024-05-31
???????,??????? ??? ??? 201-5,????,3,044-300-2454,36.500054,127.229143,2024-05-31
???????,??????? ??? ????? 11-1,????,2,044-300-2454,36.497135,127.207111,2024-05-31
???????,??????? ??? ??? 171-8,????,1,044-300-2454,36.492384,127.221429,2024-05-31
???????,??????? ??? ??? 359,????,4,044-300-2454,36.494,127.202107,2024-05-31
???????,??????? ??? ????? 11,????,2,044-300-2454,36.498168,127.205134,2024-05-31
???????,??????? ??? ??? 342,????,2,044-300-2454,36.438076,127.220844,2024-05-31
???????,??????? ??? ??? 531,????,2,044-300-2454,36.503015,127.176236,2024-05-31
???????,??????? ??? ???? 25,????,2,044-300-2454,36.501138,127.223015,2024-05-31
???????,??????? ??? ??? 30-1,????,3,044-300-2454,36.541537,127.204217,2024-05-31
???????,??????? ??? ??? 398-1,????,2,044-300-2454,36.496686,127.204945,2024-05-31
???????,??????? ??? ??? 398-9,????,3,044-300-2454,36.495789,127.207284,2024-05-31
???????,??????? ??? ??1? 47-1,????,3,044-300-2454,36.493377,127.21573,2024-05-31
???????,??????? ??? ??? 145-7,????,2,044-300-2454,36.507934,127.219523,2024-05-31
???????,??????? ??? ??? 212,????,2,044-300-2454,36.493801,127.181581,2024-05-31
???????,??????? ??? ??? 648,????,3,044-300-2454,36.502597,127.213018,2024-05-31
???????,??????? ??? ??? ?16,????,2,044-300-2454,36.486222,127.216114,2024-05-31
???????,??????? ??? ??? 442-2,????,3,044-300-2454,36.501995,127.178327,2024-05-31
???????,??????? ??? ??? 511-1,????,3,044-300-2454,36.535753,127.192297,2024-05-31
???????,??????? ??? ??? 176,????,2,044-300-2454,36.496567,127.224136,2024-05-31
???????,??????? ??? ??? 479-22,????,2,044-300-2454,36.494576,127.191156,2024-05-31
???????,??????? ??? ??? 193-3,????,2,044-300-2454,36.510277,127.197465,2024-05-31
???????,??????? ??? ??? 382-8,????,2,044-300-2454,36.499131,127.2228,2024-05-31
???????,??????? ??? ??? 15-17,????,2,044-300-2454,36.475667,127.238926,2024-05-31
???????,??????? ????? 496-1,????,2,044-300-2454,36.524196,127.18093,2024-05-31
???????,??????? ????? 763-12,????,2,044-300-2454,36.543868,127.187517,2024-05-31
???????,??????? ??? ??? 836-3,????,3,044-300-2454,36.498767,127.224815,2024-05-31
???????,??????? ??? ??? 79,????,3,044-300-2454,36.57091,127.22487,2024-05-31
???????,??????? ??? ??1? 29-1,????,3,044-300-2454,36.577133,127.289883,2024-05-31
???????,??????? ??? ??? 190-6,????,3,044-300-2454,36.563359,127.253922,2024-05-31
???????,??????? ??? ??? 322-89,????,3,044-300-2454,36.5713,127.2789,2024-05-31
???????,??????? ??? ??? 725-1,????,2,044-300-2454,36.583514,127.28286,2024-05-31
???????,??????? ??? ??? 148,????,1,044-300-2454,36.582015,127.253914,2024-05-31
???????,??????? ??? ??? 1093-4,????,2,044-300-2454,36.587821,127.276445,2024-05-31
???????,??????? ??? ??? 90-4,????,1,044-300-2454,36.581043,127.256615,2024-05-31
???????,??????? ??? ??? 1228-3,????,3,044-300-2454,36.554979,127.221029,2024-05-31
???????,??????? ??? ??? 192-5,????,3,044-300-2454,36.598794,127.222445,2024-05-31
???????,??????? ??? ??? 480-5,????,3,044-300-2454,36.613488,127.243278,2024-05-31
???????,??????? ??? ??? 128,????,3,044-300-2454,36.574973,127.266303,2024-05-31
???????,??????? ??? ??2? 28,????,3,044-300-2454,36.588023,127.195268,2024-05-31
???????,??????? ??? ??? 323,????,3,044-300-2454,36.572841,127.271773,2024-05-31
???????,??????? ??? ??? 1164-1,????,3,044-300-2454,36.586166,127.281375,2024-05-31
???????,??????? ??? ??? 586-60,????,3,044-300-2454,36.585017,127.247512,2024-05-31
???????,??????? ??? ??? ? 86,????,3,044-300-2454,36.597489,127.208441,2024-05-31
???????,??????? ??? ??? 652-2,????,3,044-300-2454,36.557301,127.277777,2024-05-31
???????,??????? ??? ??? 46-3,????,2,044-300-2454,36.582196,127.252368,2024-05-31
???????,??????? ??? ??? 442-3,????,3,044-300-2454,36.559644,127.287118,2024-05-31
???????,??????? ??? ??? 195-3,????,3,044-300-2454,36.577837,127.279146,2024-05-31
???????,??????? ??? ?????? 14,????,3,044-300-2454,36.557394,127.282908,2024-05-31
???????,??????? ??? ??? 340,????,3,044-300-2454,36.57628,127.264217,2024-05-31
???????,??????? ??? ??? 63,????,2,044-300-2454,36.586167,127.286844,2024-05-31
???????,??????? ??? ??? 713-67,????,4,044-300-2454,36.572577,127.232545,2024-05-31
???????,??????? ??? ??? 1262-22,????,1,044-300-2454,36.55886,127.260928,2024-05-31
???????,??????? ??? ??? 850-1,????,3,044-300-2454,36.557178,127.248541,2024-05-31
???????,??????? ??? ??? 73,????,1,044-300-2454,36.599362,127.210675,2024-05-31
???????,??????? ??? ??? 371-1,????,2,044-300-2454,36.599364,127.209535,2024-05-31
???????,??????? ??? ??? 586-40,????,3,044-300-2454,36.588982,127.264686,2024-05-31
???????,??????? ??? ??? 236-1,????,1,044-300-2454,36.561077,127.285966,2024-05-31
???????,??????? ??? ??? 214-16,????,3,044-300-2454,36.56341,127.28317,2024-05-31
???????,??????? ??? ??? 850-8,????,3,044-300-2454,36.587697,127.288786,2024-05-31
???????,??????? ??? ??? 723,????,3,044-300-2454,36.570176,127.287896,2024-05-31
???????,??????? ??? ??? 207-1,????,3,044-300-2454,36.5627,127.282732,2024-05-31
???????,??????? ??? ??1? 11,????,2,044-300-2454,36.57568,127.2912,2024-05-31
???????,??????? ??? ??2? 21,????,3,044-300-2454,36.578604,127.291748,2024-05-31
???????,??????? ??? ??? 413-4,????,4,044-300-2454,36.58814,127.198265,2024-05-31
???????,??????? ??? ??? 348-4,????,2,044-300-2454,36.591716,127.268394,2024-05-31
???????,??????? ??? ??? 18-7,????,2,044-300-2454,36.574479,127.298188,2024-05-31
???????,??????? ??? ??? 244-9,????,2,044-300-2454,36.55971,127.269519,2024-05-31
???????,??????? ??? ??? 325-3,????,2,044-300-2454,36.600361,127.227346,2024-05-31
???????,??????? ??? ??? 615-134,????,3,044-300-2454,36.604795,127.257721,2024-05-31
???????,??????? ??? ??? 384,????,2,044-300-2454,36.561053,127.283021,2024-05-31
???????,??????? ??? ??? 418,????,2,044-300-2454,36.558269,127.288043,2024-05-31
???????,??????? ??? ??? 437-1,????,3,044-300-2454,36.5358,127.3469,2024-05-31
???????,??????? ??? ??? 1030-14,????,4,044-300-2454,36.568402,127.312256,2024-05-31
???????,??????? ??? ??? 15-6,????,1,044-300-2454,36.559266,127.32601,2024-05-31
???????,??????? ??? ??? 621-7,????,4,044-300-2454,36.534955,127.332941,2024-05-31
???????,??????? ??? ??? 759-1,????,3,044-300-2454,36.539696,127.339132,2024-05-31
???????,??????? ??? ??1? 15,????,1,044-300-2454,36.580539,127.322352,2024-05-31
???????,??????? ??? ??? 842-10,????,3,044-300-2454,36.571378,127.321846,2024-05-31
???????,??????? ??? ??? 808-4,????,3,044-300-2454,36.575114,127.32144,2024-05-31
???????,??????? ??? ?????? 29,????,4,044-300-2454,36.552473,127.324127,2024-05-31
???????,??????? ??? ???? 7,????,3,044-300-2454,36.554441,127.32691,2024-05-31
???????,??????? ??? ??? 926,????,2,044-300-2454,36.560544,127.327887,2024-05-31
???????,??????? ??? ??? 477-7,????,2,044-300-2454,36.518529,127.346983,2024-05-31
???????,??????? ??? ??? 372-11,????,3,044-300-2454,36.547203,127.354393,2024-05-31
???????,??????? ??? ??? 112-1,????,2,044-300-2454,36.572899,127.323063,2024-05-31
???????,??????? ??? ??? 48-1,????,2,044-300-2454,36.566764,127.330637,2024-05-31
???????,??????? ??? ??? 827,????,3,044-300-2454,36.529901,127.351711,2024-05-31
???????,??????? ??? ??? 458-6,????,3,044-300-2454,36.54164,127.342263,2024-05-31
???????,??????? ??? ??? 193-1,????,3,044-300-2454,36.561722,127.323117,2024-05-31
???????,??????? ??? ??? 87-5,????,2,044-300-2454,36.552524,127.328268,2024-05-31
???????,??????? ??? ??? 96-3,????,3,044-300-2454,36.553308,127.329329,2024-05-31
???????,??????? ??? ??? 167-6,????,1,044-300-2454,36.545841,127.334666,2024-05-31
???????,??????? ??? ??? 839-10,????,1,044-300-2454,36.575313,127.319846,2024-05-31
???????,??????? ??? ??? 142-2,????,1,044-300-2454,36.547212,127.310578,2024-05-31
???????,??????? ??? ??? 1-11,????,1,044-300-2454,36.55983,127.327382,2024-05-31
???????,??????? ??? ??? 46,????,3,044-300-2454,36.552222,127.325435,2024-05-31
???????,??????? ??? ??? 57-12,????,2,044-300-2454,36.557119,127.342082,2024-05-31
???????,??????? ??? ??? 500-4,????,2,044-300-2454,36.534718,127.341546,2024-05-31
???????,??????? ??? ??? 29-19,????,3,044-300-2454,36.557506,127.325223,2024-05-31
???????,??????? ??? ??? 18-6,????,2,044-300-2454,36.580332,127.323042,2024-05-31
???????,??????? ??? ??? 116-1,????,2,044-300-2454,36.559265,127.322847,2024-05-31
???????,??????? ??? ??? 521-13,????,3,044-300-2454,36.572736,127.317247,2024-05-31
???????,??????? ??? ??3? 394,????,3,044-300-2454,36.544819,127.290049,2024-05-31
???????,??????? ??? 735-498,????,3,044-300-2454,36.481736,127.287186,2024-05-31
???????,??????? ??? 735-498,????,4,044-300-2454,36.480519,127.28785,2024-05-31
???????,??????? ??? ??? 743-31,????,3,044-300-2454,36.543585,127.267742,2024-05-31
???????,??????? ??? ??1? 131,????,3,044-300-2454,36.541976,127.289712,2024-05-31
???????,??????? ??? ??? 710,????,3,044-300-2454,36.5449,127.2585,2024-05-31
???????,??????? ??? 735-498,????,4,044-300-2454,36.484833,127.287842,2024-05-31
???????,??????? ??? 735-498,????,4,044-300-2454,36.485244,127.284347,2024-05-31
???????,??????? ??? 735-498,????,4,044-300-2454,36.482425,127.283675,2024-05-31
???????,??????? ??? 735-498,????,4,044-300-2454,36.480883,127.287711,2024-05-31
???????,??????? ??? 735-498,????,3,044-300-2454,36.483128,127.288292,2024-05-31
???????,??????? ??? 735-498,????,3,044-300-2454,36.4847,127.288017,2024-05-31
???????,??????? ??? 735-498,????,3,044-300-2454,36.485653,127.286392,2024-05-31
???????,??????? ??? 735-498,????,3,044-300-2454,36.485467,127.284369,2024-05-31
???????,??????? ??? 735-498,????,3,044-300-2454,36.485447,127.284364,2024-05-31
???????,??????? ??? 735-498,????,3,044-300-2454,36.484111,127.283286,2024-05-31
???????,??????? ??? 735-498,????,3,044-300-2454,36.481589,127.285172,2024-05-31
???????,??????? ??? ??? 521-13,????,3,044-300-2454,36.542885,127.218074,2024-05-31
???????,??????? ??? ??? 759-7,????,1,044-300-2454,36.544369,127.27369,2024-05-31
???????,??????? ??? ??? 373,????,4,044-300-2454,36.544556,127.237283,2024-05-31
???????,??????? ??? ??? 652-5,????,2,044-300-2454,36.543698,127.243868,2024-05-31
???????,??????? ??? ??? 55,????,3,044-300-2454,36.551754,127.282857,2024-05-31
???????,??????? ??? ??? 1-7,????,1,044-300-2454,36.549411,127.291039,2024-05-31
???????,??????? ??? ??? 390-5,????,2,044-300-2454,36.555063,127.274967,2024-05-31
???????,??????? ??? ??? 14,????,1,044-300-2454,36.545287,127.276622,2024-05-31
???????,??????? ??? ??? 431-2,????,1,044-300-2454,36.545783,127.278217,2024-05-31
???????,??????? ??? ??? 451-1,????,1,044-300-2454,36.546984,127.279796,2024-05-31
???????,??????? ??? ??? 317-1,????,3,044-300-2454,36.545135,127.254767,2024-05-31
???????,??????? ??? ??? 441-21,????,3,044-300-2454,36.54518,127.279788,2024-05-31
???????,??????? ??? ??? 456-3,????,3,044-300-2454,36.548464,127.278546,2024-05-31
???????,??????? ??? ??? 388-2,????,3,044-300-2454,36.554391,127.276743,2024-05-31
???????,??????? ??? ??? 24,????,2,044-300-2454,36.550263,127.279808,2024-05-31
???????,??????? ??? ??? 453-2,????,2,044-300-2454,36.548179,127.279364,2024-05-31
???????,??????? ??? ??? 2,????,2,044-300-2454,36.543412,127.277232,2024-05-31
???????,??????? ??? ??? 427-5,????,1,044-300-2454,36.544568,127.276901,2024-05-31
???????,??????? ??? ??? 719-4,????,2,044-300-2454,36.544227,127.252234,2024-05-31
???????,??????? ??? ??? 134,????,2,044-300-2454,36.541005,127.23083,2024-05-31
???????,??????? ??? ??? 400-1,????,3,044-300-2454,36.542725,127.279205,2024-05-31
???????,??????? ??? ??? 134-5,????,3,044-300-2454,36.544418,127.246695,2024-05-31
???????,??????? ??? ??? 128-5,????,2,044-300-2454,36.544833,127.277849,2024-05-31
???????,??????? ??? ??? 49,????,3,044-300-2454,36.542235,127.280188,2024-05-31
???????,??????? ??2? 20 (???),????,1,044-300-2454,36.499651,127.261288,2024-05-31
???????,??????? ??? 238 (???),????,1,044-300-2454,36.495593,127.26591,2024-05-31
???????,??????? ??? 188 (???),????,1,044-300-2454,36.497368,127.260923,2024-05-31
???????,??????? ????? 435 (???),????,1,044-300-2454,36.50266,127.260676,2024-05-31
???????,??????? ??? ????? 393 (???),????,1,044-300-2454,36.499433,127.259188,2024-05-31
???????,??????? ??? 1201,????,1,044-300-2454,36.501111,127.280031,2024-05-31
???????,??????? ??? 1201,????,1,044-300-2454,36.494496,127.271841,2024-05-31
???????,??????? ??? 613,????,1,044-300-2454,36.504192,127.274382,2024-05-31
???????,??????? ??3? 80 (???),????,1,044-300-2454,36.502316,127.269425,2024-05-31
???????,??????? ??? 245 (???),????,1,044-300-2454,36.50762,127.268027,2024-05-31
???????,??????? ??? 398 (???),????,1,044-300-2454,36.498572,127.264711,2024-05-31
???????,??????? ??? 353 (???),????,3,044-300-2454,36.496088,127.262268,2024-05-31
???????,??????? ??? 95,????,1,044-300-2454,36.498484,127.251573,2024-05-31
???????,??????? ??? 175(???),????,1,044-300-2454,36.495882,127.26861,2024-05-31
???????,??????? ??? 1201,????,1,044-300-2454,36.493866,127.269036,2024-05-31
???????,??????? ??? 1201,????,1,044-300-2454,36.492072,127.267336,2024-05-31
???????,??????? ??? 1201,????,1,044-300-2454,36.499962,127.280672,2024-05-31
???????,??????? ??? 1201,????,1,044-300-2454,36.498162,127.277682,2024-05-31
???????,??????? ??? 1201,????,1,044-300-2454,36.496289,127.275099,2024-05-31
???????,??????? ??? 1201,????,1,044-300-2454,36.49526,127.27239,2024-05-31
???????,??????? ??? 1201,????,1,044-300-2454,36.492767,127.27034,2024-05-31
???????,??????? ??? 1201,????,1,044-300-2454,36.491835,127.269675,2024-05-31
???????,??????? ??? 1201,????,1,044-300-2454,36.493051,127.271102,2024-05-31
???????,??????? ??? 1201,????,1,044-300-2454,36.495246,127.27351,2024-05-31
???????,??????? ??? 1201,????,1,044-300-2454,36.496583,127.273333,2024-05-31
???????,??????? ??? 1201,????,1,044-300-2454,36.499162,127.280031,2024-05-31
???????,??????? ??? 1201,????,1,044-300-2454,36.49466,127.269401,2024-05-31
???????,??????? ??? 1201,????,1,044-300-2454,36.498457,127.270544,2024-05-31
???????,??????? ??? 1201,????,1,044-300-2454,36.496724,127.270731,2024-05-31
???????,??????? ??? 1201,????,1,044-300-2454,36.495837,127.270404,2024-05-31
???????,??????? ??? 1201,????,1,044-300-2454,36.495425,127.269247,2024-05-31
???????,??????? ??? 1201,????,1,044-300-2454,36.497289,127.275022,2024-05-31
???????,??????? ??? 1201,????,1,044-300-2454,36.500537,127.280682,2024-05-31
???????,??????? ??? 1201,????,1,044-300-2454,36.501678,127.27818,2024-05-31
???????,??????? ??? 1201,????,1,044-300-2454,36.502045,127.274382,2024-05-31
???????,??????? ??? 1201,????,1,044-300-2454,36.498812,127.271568,2024-05-31
???????,??????? ??? 1201,????,1,044-300-2454,36.500201,127.272936,2024-05-31
???????,??????? ??? 1201,????,1,044-300-2454,36.501986,127.275769,2024-05-31
???????,??????? ??7? 15 (???),????,1,044-300-2454,36.50679,127.260807,2024-05-31
???????,??????? ??5? 5 (???),????,1,044-300-2454,36.504668,127.260775,2024-05-31
???????,??????? ??3? 10 (???),????,1,044-300-2454,36.502676,127.25923,2024-05-31
???????,??????? ??? 450-20,????,1,044-300-2454,36.501771,127.258393,2024-05-31
???????,??????? ??? 297,????,1,044-300-2454,36.500123,127.257235,2024-05-31
???????,??????? ??? ????? 380,????,1,044-300-2454,36.498235,127.257578,2024-05-31
???????,??????? ???? 40 (???),????,1,044-300-2454,36.49626,127.257803,2024-05-31
???????,??????? ??? ????? 340,????,2,044-300-2454,36.495397,127.256269,2024-05-31
???????,??????? ??? 217-1,????,1,044-300-2454,36.493543,127.261666,2024-05-31
???????,??????? ??? ??? 330,????,1,044-300-2454,36.493103,127.263382,2024-05-31
???????,??????? ??? 480 (???),????,1,044-300-2454,36.505958,127.268093,2024-05-31
???????,"??????? ??? 479 (???, ????1??)",????,1,044-300-2454,36.506745,127.266628,2024-05-31
???????,??????? ????? 505 (???),????,1,044-300-2454,36.508309,127.261252,2024-05-31
???????,??????? ????? 485 (???),????,1,044-300-2454,36.506558,127.262204,2024-05-31
???????,??????? ??8? 10 (???),????,1,044-300-2454,36.506398,127.262941,2024-05-31
???????,??????? ??8? 30 (???),????,1,044-300-2454,36.506104,127.264802,2024-05-31
???????,??????? ??? 470 (???),????,1,044-300-2454,36.505178,127.267918,2024-05-31
???????,??????? ??3? 95 (???),????,1,044-300-2454,36.503326,127.269744,2024-05-31
???????,??????? ??8? 80 (???),????,1,044-300-2454,36.504392,127.270153,2024-05-31
???????,??????? ???? 280 (???),????,1,044-300-2454,36.503807,127.272339,2024-05-31
???????,??????? ???? 260 (???),????,1,044-300-2454,36.501406,127.27239,2024-05-31
???????,??????? ??2? 78 (???),????,1,044-300-2454,36.503627,127.26408,2024-05-31
???????,??????? ????? 460 (???),????,1,044-300-2454,36.504823,127.261115,2024-05-31
???????,??????? ??? 445 (???),????,1,044-300-2454,36.504002,127.266929,2024-05-31
???????,??????? ???? 295 (???),????,2,044-300-2454,36.505385,127.272552,2024-05-31
???????,??????? ??? 215 (???),????,1,044-300-2454,36.508394,127.264654,2024-05-31
???????,??????? ??6? 40 (???),????,1,044-300-2454,36.503178,127.265599,2024-05-31
???????,??????? ??4? 9 (???),????,1,044-300-2454,36.503423,127.261925,2024-05-31
???????,??????? ??2? 50 (???),????,1,044-300-2454,36.501737,127.263225,2024-05-31
???????,??????? ???? 220 (???),????,1,044-300-2454,36.499477,127.270851,2024-05-31
???????,??????? ??2? 60 (???),????,1,044-300-2454,36.5026,127.263541,2024-05-31
???????,??????? ??4? 75 (???),????,1,044-300-2454,36.499928,127.26798,2024-05-31
???????,??????? ??? 420 (???),????,1,044-300-2454,36.500988,127.265852,2024-05-31
???????,??????? ???? 190 (???),????,1,044-300-2454,36.497369,127.26939,2024-05-31
???????,??????? ??3? 30 (???),????,1,044-300-2454,36.498157,127.267412,2024-05-31
???????,??????? ??3? 38 (???),????,1,044-300-2454,36.498819,127.267691,2024-05-31
???????,??????? ??4? 38 (???),????,1,044-300-2454,36.501158,127.264223,2024-05-31
???????,??????? ????? 385 (???),????,3,044-300-2454,36.498409,127.258653,2024-05-31
???????,??????? ??1? 70 (???),????,1,044-300-2454,36.50457,127.25827,2024-05-31
???????,??????? ??? 410 (???),????,1,044-300-2454,36.499933,127.264939,2024-05-31
???????,??????? ????? 420 (???),????,1,044-300-2454,36.501484,127.259572,2024-05-31
???????,??????? ??1? 30 (???),????,1,044-300-2454,36.501337,127.257048,2024-05-31
???????,??????? ??2? 29 (???),????,1,044-300-2454,36.499418,127.262107,2024-05-31
???????,??????? ??? 172 (???),????,1,044-300-2454,36.498148,127.259432,2024-05-31
???????,??????? ??? 258 (???),????,2,044-300-2454,36.494242,127.267568,2024-05-31
???????,??????? ??3? 40 (???),????,1,044-300-2454,36.498919,127.266611,2024-05-31
???????,??????? ??2? 70 (???),????,1,044-300-2454,36.498166,127.266166,2024-05-31
???????,??????? ??1? 80 (???),????,1,044-300-2454,36.505407,127.258521,2024-05-31
???????,??????? ??1? 93 (???),????,1,044-300-2454,36.506512,127.258422,2024-05-31
???????,??????? ??? 258 (???),????,2,044-300-2454,36.495566,127.267684,2024-05-31
???????,??????? ????? 410 (???),????,3,044-300-2454,36.500636,127.259078,2024-05-31
???????,??????? ??2? 15 (???),????,1,044-300-2454,36.498458,127.261223,2024-05-31
???????,??????? ??1? 40 (???),????,1,044-300-2454,36.502199,127.25739,2024-05-31
???????,??????? ??3? 35 (???),????,3,044-300-2454,36.503546,127.256985,2024-05-31
???????,??????? ??? 216 (???),????,1,044-300-2454,36.49265,127.2693,2024-05-31
???????,??????? ??3? 45 (???),????,3,044-300-2454,36.503671,127.255207,2024-05-31
???????,??????? ??? 140 (???),????,4,044-300-2454,36.498541,127.255681,2024-05-31
???????,??????? ????? 360 (???),????,1,044-300-2454,36.496312,127.256819,2024-05-31
???????,??????? ??? 338 (???),????,3,044-300-2454,36.493726,127.263031,2024-05-31
???????,??????? ??? 268 (???),????,1,044-300-2454,36.493661,127.268391,2024-05-31
???????,??????? ??? 370 (???),????,3,044-300-2454,36.496659,127.26323,2024-05-31
???????,??????? ??? 225 (???),????,1,044-300-2454,36.496968,127.265516,2024-05-31
???????,??????? ???? 50 (???),????,1,044-300-2454,36.495702,127.258744,2024-05-31
???????,??????? ??? 305 (???),????,1,044-300-2454,36.505764,127.27409,2024-05-31
???????,??????? ??2? 35 (???),????,1,044-300-2454,36.500297,127.262458,2024-05-31
???????,??????? ??? 351(???),????,3,044-300-2454,36.495028,127.261562,2024-05-31
???????,??????? ??? 711,????,1,044-300-2454,36.508025,127.263152,2024-05-31
???????,??????? ?? 7? 145 (???),????,1,044-300-2454,36.518952,127.243292,2024-05-31
???????,??????? ??7? 55 (???),????,1,044-300-2454,36.519373,127.253159,2024-05-31
???????,??????? ???? 180 (???),????,1,044-300-2454,36.514934,127.251009,2024-05-31
???????,??????? ???? 215 (???),????,1,044-300-2454,36.518038,127.252052,2024-05-31
???????,"??????? ??? 1456, ??? 651",????,1,044-300-2454,36.507063,127.251546,2024-05-31
???????,"??????? ??? 1456, ??? 650",????,1,044-300-2454,36.507444,127.249619,2024-05-31
???????,??????? ??? ??3? 110 (???),????,1,044-300-2454,36.511595,127.24797,2024-05-31
???????,??????? ??? 40 (???),????,1,044-300-2454,36.50863,127.245525,2024-05-31
???????,??????? ??7? 120 (???),????,1,044-300-2454,36.518866,127.246609,2024-05-31
???????,??????? ??1? 190 (???),????,1,044-300-2454,36.515583,127.245458,2024-05-31
???????,??????? ??7? 95 (???),????,1,044-300-2454,36.519087,127.249262,2024-05-31
???????,??????? ???? 230 (???),????,1,044-300-2454,36.519391,127.252101,2024-05-31
???????,??????? ???? 195 (???),????,1,044-300-2454,36.516183,127.251492,2024-05-31
???????,??????? ???? 115 (???),????,1,044-300-2454,36.509407,127.250038,2024-05-31
???????,??????? ??3? 140 (???),????,1,044-300-2454,36.512097,127.243899,2024-05-31
???????,??????? ??1? 107(???),????,1,044-300-2454,36.509259,127.245652,2024-05-31
???????,??????? ??? 1129,????,1,044-300-2454,36.520616,127.253486,2024-05-31
???????,??????? ??? 883,????,1,044-300-2454,36.519765,127.248098,2024-05-31
???????,??????? ??? 804,????,1,044-300-2454,36.522204,127.253921,2024-05-31
???????,??????? ???? 35 (???),????,1,044-300-2454,36.514633,127.243636,2024-05-31
???????,??????? ??7? 145 (???),????,1,044-300-2454,36.519362,127.243534,2024-05-31
???????,??????? ??3? 120 (???),????,4,044-300-2454,36.511945,127.246378,2024-05-31
???????,??????? ??1? 155 (???),????,1,044-300-2454,36.513374,127.245794,2024-05-31
???????,??????? ??1? 175 (???),????,1,044-300-2454,36.514891,127.245766,2024-05-31
???????,??????? ??7? 125 (???),????,1,044-300-2454,36.518589,127.245452,2024-05-31
???????,??????? ??1? 170 (???),????,1,044-300-2454,36.514949,127.24448,2024-05-31
???????,??????? ?? 7? 80 (???),????,1,044-300-2454,36.519367,127.250927,2024-05-31
???????,??????? ???? 140 (???),????,1,044-300-2454,36.511695,127.24988,2024-05-31
???????,??????? ??1? 260 (???),????,1,044-300-2454,36.521725,127.248027,2024-05-31
???????,??????? ??1? 240 (???),????,1,044-300-2454,36.520315,127.246417,2024-05-31
???????,??????? ???? 165 (???),????,1,044-300-2454,36.513868,127.250424,2024-05-31
???????,??????? ??3? 130 (???),????,1,044-300-2454,36.51172,127.245306,2024-05-31
???????,??????? ??? ??? 653-8,????,3,044-300-2454,36.525759,127.351575,2024-05-31
???????,??????? ??? ??? 300-13,????,3,044-300-2454,36.706483,127.146215,2024-05-31
???????,??????? ??? ???? 254,????,3,044-300-2454,36.725644,127.159912,2024-05-31
???????,??????? ??? ??? 29-7,????,3,044-300-2454,36.7191,127.1574,2024-05-31
???????,??????? ??? ??? 566,????,3,044-300-2454,36.7277,127.1597,2024-05-31
???????,??????? ??? ??? 314-8,????,1,044-300-2454,36.728487,127.167521,2024-05-31
???????,??????? ??? ??? 570-1,????,4,044-300-2454,36.7248,127.15814,2024-05-31
???????,??????? ??? ??? 311,????,3,044-300-2454,36.70498,127.14745,2024-05-31
???????,??????? ??? ???? 167,????,1,044-300-2454,36.718966,127.156629,2024-05-31
???????,??????? ??? ??? 495??,????,4,044-300-2454,36.713731,127.142821,2024-05-31
???????,??????? ??? ??? 369-1,????,3,044-300-2454,36.732936,127.168869,2024-05-31
???????,??????? ??? ??? 674,????,4,044-300-2454,36.70591,127.187712,2024-05-31
???????,??????? ??? ??? 3,????,3,044-300-2454,36.697208,127.15276,2024-05-31
???????,??????? ??? ???? 62,????,2,044-300-2454,36.722093,127.165015,2024-05-31
???????,??????? ??? ??? 38-2,????,3,044-300-2454,36.720895,127.158243,2024-05-31
???????,??????? ??? ??? 375-4,????,3,044-300-2454,36.732947,127.168595,2024-05-31
???????,??????? ??? ???? 204,????,3,044-300-2454,36.722188,127.157819,2024-05-31
???????,??????? ??? ??? 189,????,2,044-300-2454,36.706783,127.148062,2024-05-31
???????,??????? ??? ??? 198-1,????,1,044-300-2454,36.705871,127.148951,2024-05-31
???????,??????? ??? ??? 243-3,????,2,044-300-2454,36.71673,127.194703,2024-05-31
???????,??????? ??? ??? 583-1,????,2,044-300-2454,36.720299,127.158809,2024-05-31
???????,??????? ??? ??? 483-12,????,2,044-300-2454,36.724542,127.158941,2024-05-31
???????,??????? ??? ???? 185,????,3,044-300-2454,36.720582,127.157226,2024-05-31
???????,??????? ??? ???? 7,????,3,044-300-2454,36.717064,127.156572,2024-05-31
???????,??????? ??? ??? 646,????,2,044-300-2454,36.71698,127.149205,2024-05-31
???????,??????? ??? ??? 559-41,????,2,044-300-2454,36.726518,127.159191,2024-05-31
???????,??????? ??? ??? 495??,????,3,044-300-2454,36.713989,127.142217,2024-05-31
???????,??????? ??? ??1? 13-4,????,1,044-300-2454,36.72618,127.162636,2024-05-31
???????,??????? ??? ????1? 89,????,2,044-300-2454,36.71143,127.139939,2024-05-31
???????,??????? ??? ??? 457-5,????,3,044-300-2454,36.726379,127.161531,2024-05-31
???????,??????? ??? ??? 235-5,????,3,044-300-2454,36.717395,127.190497,2024-05-31
???????,??????? ??? ??? 235-5,????,3,044-300-2454,36.717699,127.190649,2024-05-31
???????,??????? ??? 28-39,????,3,044-300-2454,36.486806,127.294433,2024-05-31
???????,??????? ??? 28-19,????,3,044-300-2454,36.491862,127.298164,2024-05-31
???????,??????? ??? 771-34,????,1,044-300-2454,36.489117,127.306418,2024-05-31
???????,??????? ??? ? 3,????,2,044-300-2454,36.485986,127.304921,2024-05-31
???????,??????? ??? 49-3,????,2,044-300-2454,36.484934,127.304276,2024-05-31
???????,??????? ??? 35-8,????,1,044-300-2454,36.485842,127.303506,2024-05-31
???????,??????? ??? 114-6,????,2,044-300-2454,36.487369,127.30359,2024-05-31
???????,??????? ???508-5,????,2,044-300-2454,36.486784,127.298956,2024-05-31
???????,??????? ???510-2,????,1,044-300-2454,36.487886,127.296068,2024-05-31
???????,??????? ???9-113,????,2,044-300-2454,36.483019,127.307038,2024-05-31
???????,??????? ???511,????,2,044-300-2454,36.487418,127.299467,2024-05-31
???????,??????? ???308-3,????,3,044-300-2454,36.490666,127.301096,2024-05-31
???????,??????? ???501,????,2,044-300-2454,36.485376,127.302345,2024-05-31
???????,??????? ???37-4,????,4,044-300-2454,36.487161,127.302983,2024-05-31
???????,??????? ???9-181,????,2,044-300-2454,36.484144,127.299605,2024-05-31
???????,??????? ???332-4,????,2,044-300-2454,36.487653,127.301775,2024-05-31
???????,??????? ???344,????,2,044-300-2454,36.487735,127.301104,2024-05-31
???????,??????? ??? 831,????,2,044-300-2454,36.490416,127.303471,2024-05-31
???????,??????? ???9-9,????,2,044-300-2454,36.480312,127.308283,2024-05-31
???????,??????? ??? ?9,????,2,044-300-2454,36.481872,127.307252,2024-05-31
???????,??????? ??? 32-88,????,2,044-300-2454,36.479808,127.304318,2024-05-31
???????,??????? ???32-15,????,3,044-300-2454,36.48112,127.301214,2024-05-31
???????,??????? ???37-4,????,4,044-300-2454,36.485521,127.300386,2024-05-31
???????,??????? ???36-9,????,3,044-300-2454,36.486295,127.300949,2024-05-31
???????,??????? ???510-4,????,2,044-300-2454,36.486014,127.296217,2024-05-31
???????,??????? ???32-20,????,3,044-300-2454,36.481464,127.302585,2024-05-31
???????,??????? ???9-159,????,3,044-300-2454,36.48305,127.303395,2024-05-31
???????,??????? ???9-197,????,3,044-300-2454,36.482459,127.300928,2024-05-31
???????,??????? ??1? 16 (???),????,3,044-300-2454,36.484297,127.30115,2024-05-31
???????,??????? ??3? 26 (???),????,3,044-300-2454,36.486777,127.2979,2024-05-31
???????,??????? ???509-6,????,3,044-300-2454,36.487313,127.296932,2024-05-31
???????,??????? ???288-6,????,3,044-300-2454,36.490669,127.301073,2024-05-31
???????,??????? ???367-2,????,3,044-300-2454,36.488442,127.297604,2024-05-31
???????,??????? ???771-67,????,2,044-300-2454,36.490094,127.302033,2024-05-31
???????,??????? ???333-5,????,2,044-300-2454,36.485766,127.29453,2024-05-31
???????,??????? ???332-8,????,2,044-300-2454,36.488544,127.302105,2024-05-31
???????,??????? ???286-7,????,3,044-300-2454,36.488387,127.300309,2024-05-31
???????,??????? ??? 631,????,3,044-300-2454,36.513895,127.288,2024-05-31
???????,??????? ??? 29-11,????,1,044-300-2454,36.484796,127.292701,2024-05-31
???????,??????? ??? ??? 355,????,1,044-300-2454,36.504442,127.279478,2024-05-31
???????,??????? ??? 644-564,????,3,044-300-2454,36.515525,127.290495,2024-05-31
???????,??????? ??? 648-1,????,3,044-300-2454,36.51501,127.289276,2024-05-31
???????,??????? ??? 825,????,2,044-300-2454,36.503216,127.290461,2024-05-31
???????,??????? ??? 856-1,????,2,044-300-2454,36.501924,127.296971,2024-05-31
???????,??????? ??? 114-456,????,2,044-300-2454,36.500452,127.295742,2024-05-31
???????,??????? ??? 841,????,2,044-300-2454,36.503605,127.284756,2024-05-31
???????,??????? ??? 810,????,2,044-300-2454,36.50254,127.290865,2024-05-31
???????,??????? ??? ?????? 35,????,1,044-300-2454,36.5026,127.275458,2024-05-31
???????,??????? ??? ?????? 60,????,1,044-300-2454,36.501845,127.278285,2024-05-31
???????,??????? ??? ??? 335,????,1,044-300-2454,36.505016,127.276951,2024-05-31
???????,??????? ??? 114-51,????,1,044-300-2454,36.506345,127.280208,2024-05-31
???????,??????? ??? 735-116,????,1,044-300-2454,36.5075,127.280356,2024-05-31
???????,??????? ??? 41(???),????,1,044-300-2454,36.4812,127.250482,2024-05-31
???????,??????? ??? ? 64,????,2,044-300-2454,36.488809,127.24354,2024-05-31
???????,??????? ??? 78-4,????,4,044-300-2454,36.48632,127.25369,2024-05-31
???????,??????? ??? ? 4,????,1,044-300-2454,36.482358,127.245922,2024-05-31
???????,??????? ??? ? 37,????,1,044-300-2454,36.489141,127.243243,2024-05-31
???????,??????? ??? 89,????,1,044-300-2454,36.488779,127.254664,2024-05-31
???????,??????? ??? 74-9,????,1,044-300-2454,36.48527,127.25617,2024-05-31
???????,??????? ??? 377-6,????,1,044-300-2454,36.485956,127.245002,2024-05-31
???????,??????? ??? 341-124,????,2,044-300-2454,36.483121,127.249803,2024-05-31
???????,??????? ??? 363-7,????,1,044-300-2454,36.49117,127.25569,2024-05-31
???????,??????? ??? 74-66,????,1,044-300-2454,36.48383,127.25893,2024-05-31
???????,??????? ??? 341-172,????,1,044-300-2454,36.48001,127.246356,2024-05-31
???????,??????? ????? 67 (???),????,2,044-300-2454,36.487301,127.250631,2024-05-31
???????,??????? ??? ? 33,????,2,044-300-2454,36.489255,127.246991,2024-05-31
???????,??????? ??? 74-70,????,1,044-300-2454,36.483257,127.257815,2024-05-31
???????,??????? ??? ? 3,????,1,044-300-2454,36.487782,127.253199,2024-05-31
???????,??????? ??? 341-102,????,2,044-300-2454,36.483999,127.252171,2024-05-31
???????,??????? ??? ? 8,????,1,044-300-2454,36.486741,127.255383,2024-05-31
???????,??????? ??? ? 22,????,1,044-300-2454,36.485273,127.250803,2024-05-31
???????,??????? ???? 68 (???),????,2,044-300-2454,36.486594,127.247816,2024-05-31
???????,??????? ????? 6 (???),????,2,044-300-2454,36.481838,127.253525,2024-05-31
???????,??????? ??? 341-77,????,1,044-300-2454,36.487316,127.251769,2024-05-31
???????,??????? ??? 64-2,????,1,044-300-2454,36.484848,127.255533,2024-05-31
???????,??????? ????? 38-11 (???),????,1,044-300-2454,36.484984,127.255065,2024-05-31
???????,??????? ??? 341-83,????,1,044-300-2454,36.484941,127.254038,2024-05-31
???????,??????? ??? 127,????,1,044-300-2454,36.490942,127.254336,2024-05-31
???????,??????? ??? 263-2,????,2,044-300-2454,36.490736,127.249849,2024-05-31
???????,??????? ??? 50,????,1,044-300-2454,36.486319,127.253691,2024-05-31
???????,??????? ??? 41 (???),????,1,044-300-2454,36.484794,127.253256,2024-05-31
???????,??????? ??? 154,????,1,044-300-2454,36.490856,127.252595,2024-05-31
???????,??????? ??? ??? 458-15,????,3,044-300-2454,36.537823,127.351442,2024-05-31
???????,??????? ??? ??? 412-9??,????,4,044-300-2454,36.53048,127.363981,2024-05-31
???????,??????? ??? ??? 102-3,????,3,044-300-2454,36.528257,127.370914,2024-05-31
???????,??????? ??? ??? 102-3,????,3,044-300-2454,36.528288,127.370873,2024-05-31
???????,??????? ??? ??? 1109,????,3,044-300-2454,36.529695,127.396509,2024-05-31
???????,??????? ??? ???? 14,????,3,044-300-2454,36.519227,127.369198,2024-05-31
???????,??????? ??? ??? 1149-24,????,3,044-300-2454,36.5202,127.3676,2024-05-31
???????,??????? ??? ??? 167,????,1,044-300-2454,36.533532,127.355358,2024-05-31
???????,??????? ??? ??? 135,????,1,044-300-2454,36.532135,127.360098,2024-05-31
???????,??????? ??? ??? 213-8,????,3,044-300-2454,36.550461,127.369391,2024-05-31
???????,??????? ??? ??? 642-10,????,3,044-300-2454,36.552409,127.370066,2024-05-31
???????,??????? ??? ??? ?5-5,????,4,044-300-2454,36.529738,127.401768,2024-05-31
???????,??????? ??? ??? 823-18,????,4,044-300-2454,36.50944,127.364906,2024-05-31
???????,??????? ??? ??1? 57,????,3,044-300-2454,36.547227,127.361975,2024-05-31
???????,??????? ??? ????? 135-55,????,2,044-300-2454,36.505614,127.403632,2024-05-31
???????,??????? ??? ??? 998-2,????,2,044-300-2454,36.531609,127.362023,2024-05-31
???????,??????? ??? ??1? 120-3,????,3,044-300-2454,36.509003,127.386112,2024-05-31
???????,??????? ??? ????? 24-4,????,2,044-300-2454,36.55462,127.373476,2024-05-31
???????,??????? ??? ??? 442-39,????,3,044-300-2454,36.49505,127.398774,2024-05-31
???????,??????? ??? ??? 613-6,????,1,044-300-2454,36.524369,127.386672,2024-05-31
???????,??????? ??? ??? 678-6,????,3,044-300-2454,36.503928,127.357986,2024-05-31
???????,??????? ??? ??? 102-1,????,3,044-300-2454,36.560341,127.372596,2024-05-31
???????,??????? ??? ??? 45,????,4,044-300-2454,36.530185,127.366503,2024-05-31
???????,??????? ??? ??? 401-10,????,4,044-300-2454,36.532121,127.365656,2024-05-31
???????,??????? ??? ??? 12-3,????,3,044-300-2454,36.546577,127.367906,2024-05-31
???????,??????? ??? ????? 215,????,3,044-300-2454,36.493663,127.402362,2024-05-31
???????,??????? ??? ????? 301,????,4,044-300-2454,36.529292,127.402814,2024-05-31
???????,??????? ??? ??? 541-4,????,2,044-300-2454,36.527793,127.372959,2024-05-31
???????,??????? ??? ??? 25-2,????,5,044-300-2454,36.528415,127.366769,2024-05-31
???????,??????? ??? ??? 70-10,????,2,044-300-2454,36.526714,127.361901,2024-05-31
???????,??????? ??? ??4? 27,????,4,044-300-2454,36.529084,127.369659,2024-05-31
???????,??????? ??? ??4? 27,????,4,044-300-2454,36.529048,127.36725,2024-05-31
???????,??????? ??? ??? 1155,????,2,044-300-2454,36.527149,127.379199,2024-05-31
???????,??????? ??? ??? 25-7,????,2,044-300-2454,36.525915,127.366285,2024-05-31
???????,??????? ??? ??4? 27,????,3,044-300-2454,36.528119,127.370349,2024-05-31
???????,??????? ??? ??? 1,????,3,044-300-2454,36.526551,127.368363,2024-05-31
???????,??????? ??? ??? 527-1,????,3,044-300-2454,36.527157,127.370143,2024-05-31
???????,??????? ??? ????? 72-2,????,5,044-300-2454,36.530944,127.364883,2024-05-31
???????,??????? ??? ??? 379,????,2,044-300-2454,36.530684,127.396866,2024-05-31
???????,??????? ??? ??4? 29,????,1,044-300-2454,36.528556,127.36854,2024-05-31
???????,??????? ??? ???? 16,????,1,044-300-2454,36.528868,127.373973,2024-05-31
???????,??????? ??? ??2? 6,????,2,044-300-2454,36.532871,127.365388,2024-05-31
???????,??????? ??? ??? 25,????,2,044-300-2454,36.529891,127.369119,2024-05-31
???????,??????? ??? ??? 883-4,????,1,044-300-2454,36.526134,127.361599,2024-05-31
???????,??????? ??? ??? 427-5,????,1,044-300-2454,36.529116,127.364349,2024-05-31
???????,??????? ??? ??? 971,????,1,044-300-2454,36.529844,127.362452,2024-05-31
???????,??????? ??? ??? 23-6,????,1,044-300-2454,36.528645,127.360593,2024-05-31
???????,??????? ??? ??? 881-2,????,1,044-300-2454,36.528418,127.362154,2024-05-31
???????,??????? ??? ????? 6,????,3,044-300-2454,36.526328,127.368442,2024-05-31
???????,??????? ??? ??? 402-9,????,1,044-300-2454,36.531651,127.363198,2024-05-31
???????,??????? ??? ????? 63-3,????,1,044-300-2454,36.532954,127.360503,2024-05-31
???????,??????? ??? ??? 90,????,1,044-300-2454,36.531907,127.365197,2024-05-31
???????,??????? ??? ??? 922-5,????,1,044-300-2454,36.527969,127.383569,2024-05-31
???????,??????? ??? ??3? 20-17,????,2,044-300-2454,36.530812,127.367786,2024-05-31
???????,??????? ??? ??? 13,????,3,044-300-2454,36.512318,127.381853,2024-05-31
???????,??????? ??? ??? 377-3,????,5,044-300-2454,36.554385,127.360983,2024-05-31
???????,??????? ??? ????1? 1,????,1,044-300-2454,36.49808,127.392653,2024-05-31
???????,??????? ??? ??? 486-1,????,3,044-300-2454,36.527925,127.368213,2024-05-31
???????,??????? ??? ??? 377-3,????,5,044-300-2454,36.53481,127.364047,2024-05-31
???????,??????? ??? ??? 401-164,????,1,044-300-2454,36.532647,127.36756,2024-05-31
???????,??????? ????? 711,????,1,044-300-2454,36.527346,127.373632,2024-05-31
???????,??????? ???664-83,????,1,044-300-2454,36.473092,127.284603,2024-05-31
???????,??????? ???665-1,????,2,044-300-2454,36.479819,127.291118,2024-05-31
???????,??????? ???625-4,????,2,044-300-2454,36.481327,127.290786,2024-05-31
???????,??????? ???624-1,????,2,044-300-2454,36.48175,127.291191,2024-05-31
???????,??????? ???664-66,????,1,044-300-2454,36.476061,127.27801,2024-05-31
???????,??????? ???540-2,????,2,044-300-2454,36.480202,127.297884,2024-05-31
???????,??????? ???620-4,????,2,044-300-2454,36.482093,127.296431,2024-05-31
???????,??????? ???617-5,????,2,044-300-2454,36.48421,127.294609,2024-05-31
???????,??????? ???684-1,????,2,044-300-2454,36.477096,127.29618,2024-05-31
???????,??????? ???674,????,2,044-300-2454,36.478597,127.293391,2024-05-31
???????,??????? ???664-101,????,2,044-300-2454,36.474981,127.284878,2024-05-31
???????,??????? ???? 106 (???),????,3,044-300-2454,36.477969,127.283067,2024-05-31
???????,??????? ???? 450(???),????,2,044-300-2454,36.477554,127.290961,2024-05-31
???????,??????? ????? 2129 (???),????,2,044-300-2454,36.479006,127.290117,2024-05-31
???????,??????? ???700-77,????,3,044-300-2454,36.477779,127.287091,2024-05-31
???????,??????? ???700-94,????,2,044-300-2454,36.477791,127.287206,2024-05-31
???????,??????? ???633-8,????,2,044-300-2454,36.479033,127.29489,2024-05-31
???????,??????? ???656,????,2,044-300-2454,36.480738,127.293402,2024-05-31
???????,??????? ???623-5,????,2,044-300-2454,36.488743,127.292492,2024-05-31
???????,??????? ???664-3,????,2,044-300-2454,36.479685,127.284269,2024-05-31
???????,??????? ???? 106 (???),????,3,044-300-2454,36.478497,127.284227,2024-05-31
???????,??????? ???630-8,????,3,044-300-2454,36.47769,127.291674,2024-05-31
???????,??????? ???633-2,????,3,044-300-2454,36.480113,127.293883,2024-05-31
???????,??????? ???632-1,????,3,044-300-2454,36.480308,127.293177,2024-05-31
???????,??????? ???700-90,????,3,044-300-2454,36.475446,127.286525,2024-05-31
???????,??????? ???664-27,????,3,044-300-2454,36.477308,127.285276,2024-05-31
???????,??????? ???664-122,????,3,044-300-2454,36.476432,127.283982,2024-05-31
???????,??????? ???664-115,????,3,044-300-2454,36.476744,127.283893,2024-05-31
???????,??????? ???641-9,????,2,044-300-2454,36.475355,127.292441,2024-05-31
???????,??????? ???49-1,????,2,044-300-2454,36.479026,127.299443,2024-05-31
???????,??????? ???625-1,????,2,044-300-2454,36.481405,127.289277,2024-05-31
???????,??????? ???615-1,????,2,044-300-2454,36.484165,127.293067,2024-05-31
???????,??????? ???623-4,????,2,044-300-2454,36.482634,127.29173,2024-05-31
???????,??????? ???? 137 (???),????,2,044-300-2454,36.480054,127.286204,2024-05-31
???????,??????? ???? 115 (???),????,2,044-300-2454,36.479247,127.284454,2024-05-31
???????,??????? ???664-37,????,3,044-300-2454,36.477896,127.28135,2024-05-31
???????,??????? ???664-74,????,2,044-300-2454,36.474942,127.282548,2024-05-31
???????,??????? ??? 785-346,????,3,044-300-2454,36.483596,127.317288,2024-05-31
???????,??????? ??? 203-103,????,3,044-300-2454,36.482832,127.314754,2024-05-31
???????,??????? ??? ? 165,????,3,044-300-2454,36.482215,127.313098,2024-05-31
???????,??????? ??? 203-75,????,2,044-300-2454,36.482492,127.312794,2024-05-31
???????,??????? ??? 375-1,????,2,044-300-2454,36.495053,127.311743,2024-05-31
???????,??????? ???178-1,????,3,044-300-2454,36.494139,127.313524,2024-05-31
???????,??????? ???323,????,3,044-300-2454,36.49355,127.31273,2024-05-31
???????,??????? ??? 262,????,3,044-300-2454,36.49373,127.311749,2024-05-31
???????,??????? ??? 316,????,1,044-300-2454,36.494723,127.310257,2024-05-31
???????,??????? ??? 49 (???),????,1,044-300-2454,36.498532,127.311637,2024-05-31
???????,??????? ???108-2,????,2,044-300-2454,36.49776,127.315711,2024-05-31
???????,??????? ???62-4,????,2,044-300-2454,36.499119,127.317319,2024-05-31
???????,??????? ???60-1,????,1,044-300-2454,36.500738,127.317129,2024-05-31
???????,??????? ??? 748,????,1,044-300-2454,36.49289,127.305222,2024-05-31
???????,??????? ??? ?61,????,3,044-300-2454,36.493426,127.303864,2024-05-31
???????,??????? ??? ?68,????,2,044-300-2454,36.494719,127.302209,2024-05-31
???????,??????? ???60-4,????,3,044-300-2454,36.50002,127.316206,2024-05-31
???????,??????? ???52-23,????,3,044-300-2454,36.498456,127.313668,2024-05-31
???????,??????? ???45-15,????,2,044-300-2454,36.497823,127.311224,2024-05-31
???????,??????? ???816,????,2,044-300-2454,36.498017,127.30937,2024-05-31
???????,??????? ???771-84,????,3,044-300-2454,36.491548,127.303845,2024-05-31
???????,??????? ???65-7,????,2,044-300-2454,36.496053,127.317966,2024-05-31
???????,??????? ???63-7,????,2,044-300-2454,36.497729,127.317823,2024-05-31
???????,??????? ???395-1,????,2,044-300-2454,36.49595,127.310062,2024-05-31
???????,??????? ???398-1,????,3,044-300-2454,36.497064,127.3095,2024-05-31
???????,??????? ???817,????,2,044-300-2454,36.499162,127.306968,2024-05-31
???????,??????? ???710-2,????,2,044-300-2454,36.496712,127.304484,2024-05-31
???????,??????? ???771-80,????,2,044-300-2454,36.492252,127.302754,2024-05-31
???????,??????? ??? 44-4,????,2,044-300-2454,36.501205,127.308848,2024-05-31
???????,??????? ??? 735,????,1,044-300-2454,36.495987,127.303392,2024-05-31
???????,??????? ??? ?98,????,2,044-300-2454,36.493558,127.301038,2024-05-31
???????,??????? ???762,????,2,044-300-2454,36.495323,127.306943,2024-05-31
???????,??????? ???64-1,????,2,044-300-2454,36.497287,127.318976,2024-05-31
???????,??????? ???42-6,????,3,044-300-2454,36.496143,127.311859,2024-05-31
???????,??????? ???51-12,????,3,044-300-2454,36.501134,127.311011,2024-05-31
???????,??????? ???44-8,????,3,044-300-2454,36.501037,127.309569,2024-05-31
???????,??????? ???234-11,????,2,044-300-2454,36.491749,127.299813,2024-05-31
???????,??????? ???64-9,????,3,044-300-2454,36.49657,127.317548,2024-05-31
???????,??????? ???63-14,????,3,044-300-2454,36.497281,127.316718,2024-05-31
???????,??????? ??1? 80 (???),????,1,044-300-2454,36.518709,127.262868,2024-05-31
???????,??????? ??3? 15 (???),????,1,044-300-2454,36.512412,127.258023,2024-05-31
???????,??????? ??? 515 (???),????,1,044-300-2454,36.508754,127.267627,2024-05-31
???????,??????? ??1? 205 (???),????,1,044-300-2454,36.516031,127.256077,2024-05-31
???????,??????? ??? 570 (???),????,1,044-300-2454,36.513855,127.266204,2024-05-31
???????,??????? ????? 530 (???),????,1,044-300-2454,36.510642,127.260731,2024-05-31
???????,??????? ??? 595 (???),????,1,044-300-2454,36.515865,127.265457,2024-05-31
???????,??????? ??3? 45 (???),????,1,044-300-2454,36.511339,127.253136,2024-05-31
???????,??????? ??8? 30 (???),????,1,044-300-2454,36.518138,127.261821,2024-05-31
???????,??????? ??7? 25 (???),????,1,044-300-2454,36.51872,127.256665,2024-05-31
???????,??????? ??1? 190 (???),????,1,044-300-2454,36.514776,127.255487,2024-05-31
???????,??????? ??? ????? 550,????,1,044-300-2454,36.512328,127.259447,2024-05-31
???????,??????? ??3? 8-29 (???),????,1,044-300-2454,36.514424,127.258172,2024-05-31
???????,??????? ??? 646,????,1,044-300-2454,36.515053,127.262156,2024-05-31
???????,??????? ??? 490,????,1,044-300-2454,36.520366,127.262291,2024-05-31
???????,??????? ??? 401,????,1,044-300-2454,36.52012,127.259611,2024-05-31
???????,"??????? ??3? 7(???, ????8??)",????,2,044-300-2454,36.51069,127.260188,2024-05-31
???????,??????? ???920,????,1,044-300-2454,36.514022,127.258259,2024-05-31
???????,??????? ??? 847,????,2,044-300-2454,36.509565,127.258747,2024-05-31
???????,??????? ??? 847,????,2,044-300-2454,36.510248,127.258278,2024-05-31
???????,??????? ??? 847,????,2,044-300-2454,36.511173,127.258242,2024-05-31
???????,??????? ??? 71,????,3,044-300-2454,36.514857,127.262817,2024-05-31
???????,??????? ??1? 175(???),????,3,044-300-2454,36.513196,127.255487,2024-05-31
???????,??????? ??7? 10 (???),????,2,044-300-2454,36.518254,127.258232,2024-05-31
???????,??????? ??7? 10 (???),????,2,044-300-2454,36.517905,127.258179,2024-05-31
???????,??????? ??5? 15 (???),????,1,044-300-2454,36.516073,127.257219,2024-05-31
???????,??????? ??? 165 (???),????,1,044-300-2454,36.508381,127.25938,2024-05-31
???????,??????? ????? 590 (???),????,2,044-300-2454,36.516031,127.259154,2024-05-31
???????,??????? ???90 (???),????,4,044-300-2454,36.516165,127.26228,2024-05-31
???????,??????? ???30 (???),????,3,044-300-2454,36.510989,127.264095,2024-05-31
???????,??????? ????? 610 (???),????,4,044-300-2454,36.517767,127.258715,2024-05-31
???????,??????? ??1? 130 (???),????,2,044-300-2454,36.509459,127.25636,2024-05-31
???????,??????? ???55 (???),????,1,044-300-2454,36.513031,127.26327,2024-05-31
???????,??????? ??4? 90 (???),????,1,044-300-2454,36.514536,127.268232,2024-05-31
???????,??????? ??? 625 (???),????,1,044-300-2454,36.518561,127.264431,2024-05-31
???????,??????? ??4? 95 (???),????,1,044-300-2454,36.515862,127.268145,2024-05-31
???????,??????? ??? 545 (???),????,1,044-300-2454,36.511604,127.266998,2024-05-31
???????,??????? ??3? 35 (???),????,3,044-300-2454,36.512013,127.255924,2024-05-31
???????,??????? ??2? 20 (???),????,1,044-300-2454,36.519778,127.263559,2024-05-31
???????,??????? ??? 150 (???),????,1,044-300-2454,36.507904,127.257611,2024-05-31
???????,??????? ??? 901,????,3,044-300-2454,36.525382,127.261878,2024-05-31
???????,??????? ??? 583,????,1,044-300-2454,36.518005,127.260664,2024-05-31
???????,??????? ??? 679,????,3,044-300-2454,36.513539,127.257733,2024-05-31
???????,??????? ??? 459-2,????,3,044-300-2454,36.468313,127.263913,2024-05-31
???????,??????? ??? 747-65,????,3,044-300-2454,36.476191,127.275189,2024-05-31
???????,??????? ??? 137-13,????,3,044-300-2454,36.4689,127.2807,2024-05-31
???????,??????? ??? 77-61,????,1,044-300-2454,36.469518,127.280162,2024-05-31
???????,??????? ??? 197-35,????,1,044-300-2454,36.474523,127.272708,2024-05-31
???????,??????? ???664-37,????,3,044-300-2454,36.476273,127.276919,2024-05-31
???????,??????? ???664-108,????,1,044-300-2454,36.475727,127.275601,2024-05-31
???????,??????? ???459-2,????,2,044-300-2454,36.468319,127.264026,2024-05-31
???????,??????? ???379-2,????,2,044-300-2454,36.466177,127.263226,2024-05-31
???????,??????? ???586-10,????,2,044-300-2454,36.46617,127.26545,2024-05-31
???????,??????? ??4? 17(???),????,2,044-300-2454,36.473416,127.275624,2024-05-31
???????,??????? ???586-9,????,3,044-300-2454,36.468565,127.271337,2024-05-31
???????,??????? ???434-21,????,1,044-300-2454,36.467277,127.275293,2024-05-31
???????,??????? ??? 92-4,????,3,044-300-2454,36.470629,127.279414,2024-05-31
???????,??????? ??? 79-1,????,1,044-300-2454,36.473635,127.283139,2024-05-31
???????,??????? ??? 120 (???),????,2,044-300-2454,36.470019,127.28164,2024-05-31
???????,??????? ???99-2,????,1,044-300-2454,36.470404,127.278434,2024-05-31
???????,??????? ???269-6,????,2,044-300-2454,36.467919,127.27522,2024-05-31
???????,??????? ???275-4,????,2,044-300-2454,36.470678,127.271472,2024-05-31
???????,??????? ???585-1,????,3,044-300-2454,36.469188,127.268856,2024-05-31
???????,??????? ???77-42,????,3,044-300-2454,36.471081,127.280412,2024-05-31
???????,??????? ???266-25,????,3,044-300-2454,36.46895,127.278585,2024-05-31
???????,??????? ???664-64,????,2,044-300-2454,36.476815,127.279408,2024-05-31
???????,??????? ???702,????,2,044-300-2454,36.475058,127.281185,2024-05-31
???????,??????? ???567-6,????,2,044-300-2454,36.473358,127.277931,2024-05-31
???????,??????? ???274-5,????,3,044-300-2454,36.471024,127.2699,2024-05-31
???????,??????? ???63-1,????,2,044-300-2454,36.474773,127.273337,2024-05-31
???????,??????? ???265-9,????,2,044-300-2454,36.471473,127.27475,2024-05-31
???????,??????? ???198-80,????,3,044-300-2454,36.473791,127.273553,2024-05-31
???????,??????? ???158-2,????,2,044-300-2454,36.472645,127.274202,2024-05-31
???????,??????? ???264-14,????,2,044-300-2454,36.470802,127.274441,2024-05-31
???????,??????? ???268-4,????,2,044-300-2454,36.469004,127.274426,2024-05-31
???????,??????? ??? 747-382,????,2,044-300-2454,36.467039,127.263068,2024-05-31
???????,??????? ???419-2,????,2,044-300-2454,36.470062,127.265178,2024-05-31
???????,??????? ???220-1,????,2,044-300-2454,36.472818,127.268878,2024-05-31
???????,??????? ???580-4,????,2,044-300-2454,36.466843,127.264419,2024-05-31
???????,??????? ??? 747-272,????,2,044-300-2454,36.471707,127.266384,2024-05-31
???????,??????? ???77-6,????,2,044-300-2454,36.472016,127.285143,2024-05-31
???????,??????? ???269-7,????,2,044-300-2454,36.467605,127.274865,2024-05-31
???????,??????? ???484-38,????,3,044-300-2454,36.466599,127.268086,2024-05-31
???????,??????? ???582-4,????,3,044-300-2454,36.466471,127.271048,2024-05-31
???????,??????? ???137-12,????,2,044-300-2454,36.465443,127.269399,2024-05-31
???????,??????? ????? 2265 (???),????,3,044-300-2454,36.471283,127.276769,2024-05-31
???????,??????? ????? 2257 (???),????,3,044-300-2454,36.473159,127.278187,2024-05-31
???????,??????? ???63-20,????,3,044-300-2454,36.474046,127.276622,2024-05-31
???????,??????? ???? 20(???),????,2,044-300-2454,36.474414,127.27495,2024-05-31
???????,??????? ???566-3,????,2,044-300-2454,36.475151,127.275918,2024-05-31
???????,??????? ??? 342,????,1,044-300-2454,36.493985,127.242856,2024-05-31
???????,"??????? ???? 22 (???, ????1??)",????,1,044-300-2454,36.492515,127.241284,2024-05-31
???????,??????? ??? 630,????,2,044-300-2454,36.484682,127.248694,2024-05-31
???????,??????? ??? 9-2,????,1,044-300-2454,36.493811,127.24775,2024-05-31
???????,??????? ??? 350-1,????,1,044-300-2454,36.493516,127.243173,2024-05-31
???????,??????? ??? ? 34,????,1,044-300-2454,36.493001,127.241292,2024-05-31
???????,??????? ??? 276-18,????,1,044-300-2454,36.499325,127.241561,2024-05-31
???????,??????? ??? 363-111,????,1,044-300-2454,36.494817,127.25457,2024-05-31
???????,??????? ??? 409,????,2,044-300-2454,36.499716,127.236283,2024-05-31
???????,??????? ??? 233,????,2,044-300-2454,36.499586,127.240747,2024-05-31
???????,??????? ??? 629,????,1,044-300-2454,36.494663,127.248299,2024-05-31
???????,???????  ??? 6-1,????,1,044-300-2454,36.496018,127.249091,2024-05-31
???????,??????? ??? 9-4,????,2,044-300-2454,36.493747,127.248871,2024-05-31
???????,??????? ??? 13,????,1,044-300-2454,36.495759,127.252081,2024-05-31
???????,??????? ??? 363-153,????,1,044-300-2454,36.493187,127.251676,2024-05-31
???????,"??????? ???? 109 (???, ????3??)",????,2,044-300-2454,36.496265,127.244945,2024-05-31
???????,??????? ??? 363-72,????,1,044-300-2454,36.492709,127.254046,2024-05-31
???????,??????? ??? 380,????,1,044-300-2454,36.495896,127.240317,2024-05-31
???????,??????? ??? 397-4,????,1,044-300-2454,36.496389,127.237155,2024-05-31
???????,??????? ??? ? 8,????,1,044-300-2454,36.497581,127.238191,2024-05-31
???????,??????? ???? 40 (???),????,1,044-300-2454,36.497574,127.235077,2024-05-31
???????,??????? ??? 363-326,????,1,044-300-2454,36.492057,127.240306,2024-05-31
???????,??????? ??? 271,????,2,044-300-2454,36.499298,127.244871,2024-05-31
???????,??????? ??? 393-3,????,1,044-300-2454,36.498824,127.238379,2024-05-31
???????,??????? ??? 361-186,????,1,044-300-2454,36.492571,127.25555,2024-05-31
???????,??????? ??? 333-2,????,1,044-300-2454,36.494508,127.24485,2024-05-31
???????,??????? ??? 332-3,????,2,044-300-2454,36.49353,127.24507,2024-05-31
???????,??????? ??? 551-114,????,3,044-300-2454,36.479254,127.264854,2024-05-31
???????,??????? ??? 197-8,????,1,044-300-2454,36.483357,127.26817,2024-05-31
???????,??????? ??? 548-92,????,2,044-300-2454,36.490748,127.270089,2024-05-31
???????,??????? ?????? 60,????,2,044-300-2454,36.490945,127.268706,2024-05-31
???????,??????? ??? 1201,????,1,044-300-2454,36.492193,127.265649,2024-05-31
???????,??????? ??? 361-25,????,2,044-300-2454,36.491146,127.259027,2024-05-31
???????,??????? ??? 395,????,2,044-300-2454,36.487558,127.261683,2024-05-31
???????,??????? ??? 316-4,????,2,044-300-2454,36.490543,127.265147,2024-05-31
???????,??????? ??? 658-29,????,2,044-300-2454,36.489756,127.266464,2024-05-31
???????,??????? ??? 254-3,????,3,044-300-2454,36.487414,127.265995,2024-05-31
???????,??????? ??? 402,????,3,044-300-2454,36.485645,127.262854,2024-05-31
???????,??????? ??? 33-2,????,3,044-300-2454,36.486406,127.26923,2024-05-31
???????,??????? ??? ????? 280,????,2,044-300-2454,36.48929,127.25699,2024-05-31
???????,??????? ??? ????? 260,????,1,044-300-2454,36.48769,127.25755,2024-05-31
???????,??????? ??? ????? 155,????,2,044-300-2454,36.47965,127.26325,2024-05-31
???????,??????? ??? ????? 24,????,1,044-300-2454,36.48616,127.25842,2024-05-31
???????,??????? ??? ????? 220,????,2,044-300-2454,36.48408,127.25982,2024-05-31
???????,??????? ??? ????? 340,????,2,044-300-2454,36.49417,127.25662,2024-05-31
???????,??????? ??? ????? 200,????,2,044-300-2454,36.48287,127.26087,2024-05-31
???????,??????? ??? ????? 175,????,1,044-300-2454,36.48099,127.26226,2024-05-31
???????,??????? ??? ????? 300,????,2,044-300-2454,36.49112,127.25664,2024-05-31
???????,??????? ??? ????? 325,????,1,044-300-2454,36.493192,127.256659,2024-05-31
???????,??????? ??? 466,????,2,044-300-2454,36.484722,127.26186,2024-05-31
???????,??????? ??? 214-2,????,2,044-300-2454,36.485415,127.267387,2024-05-31
???????,??????? ??? 410,????,2,044-300-2454,36.487021,127.261064,2024-05-31
???????,??????? ??? 170,????,1,044-300-2454,36.482591,127.263638,2024-05-31
???????,??????? ??? 706,????,1,044-300-2454,36.480466,127.266878,2024-05-31
???????,??????? ??? 165,????,2,044-300-2454,36.481545,127.264059,2024-05-31
???????,??????? ??? 59-5,????,1,044-300-2454,36.480866,127.269301,2024-05-31
???????,??????? ??? 179,????,1,044-300-2454,36.482755,127.266708,2024-05-31
???????,??????? ??? 391,????,2,044-300-2454,36.487729,127.262785,2024-05-31
???????,??????? ??? 261-2,????,2,044-300-2454,36.488384,127.265596,2024-05-31
???????,??????? ??? 658-27,????,2,044-300-2454,36.491803,127.262877,2024-05-31
???????,??????? ??? 361-44,????,2,044-300-2454,36.489666,127.259109,2024-05-31
???????,??????? ??? 305-2,????,2,044-300-2454,36.489323,127.264692,2024-05-31
???????,??????? ??? 38(???),????,2,044-300-2454,36.484041,127.264145,2024-05-31
???????,??????? ??? 502,????,1,044-300-2454,36.481999,127.262275,2024-05-31
???????,??????? ??? 160,????,2,044-300-2454,36.48219,127.265568,2024-05-31
???????,??????? ??? 709-1,????,1,044-300-2454,36.48231,127.268492,2024-05-31
???????,??????? ??? 364-2,????,1,044-300-2454,36.490111,127.2618,2024-05-31
???????,??????? ??? 696-4,????,3,044-300-2454,36.485936,127.264495,2024-05-31
???????,??????? ??? ??? 129-1,????,4,044-300-2454,36.418967,127.27815,2024-05-31
???????,??????? ??? ??? 380-6,????,3,044-300-2454,36.480006,127.335112,2024-05-31
???????,??????? ??? ??? 124,????,3,044-300-2454,36.464897,127.279275,2024-05-31
???????,??????? ??? ??? 124,????,3,044-300-2454,36.464597,127.27962,2024-05-31
???????,??????? ??? ??? 124,????,1,044-300-2454,36.464407,127.279087,2024-05-31
???????,??????? ??? ??? 124,????,3,044-300-2454,36.464001,127.279738,2024-05-31
???????,??????? ??? ??? 99-1,????,1,044-300-2454,36.446641,127.283633,2024-05-31
???????,??????? ??? ??? 126-6,????,3,044-300-2454,36.4401,127.2882,2024-05-31
???????,??????? ??? ???? 11,????,1,044-300-2454,36.462429,127.350074,2024-05-31
???????,??????? ??? ??? 129-1,????,3,044-300-2454,36.443197,127.233388,2024-05-31
???????,??????? ??? ??? 17,????,3,044-300-2454,36.464704,127.277111,2024-05-31
???????,??????? ??? ??? 232,????,4,044-300-2454,36.472043,127.322665,2024-05-31
???????,??????? ??? ??? 79-1,????,4,044-300-2454,36.478164,127.344419,2024-05-31
???????,??????? ??? ??? 43-1,????,3,044-300-2454,36.450581,127.308138,2024-05-31
???????,??????? ??? ??? 365,????,3,044-300-2454,36.439845,127.318078,2024-05-31
???????,??????? ??? ??? 63-1,????,1,044-300-2454,36.442952,127.287814,2024-05-31
???????,??????? ??? 50-49,????,1,044-300-2454,36.473065,127.287809,2024-05-31
???????,??????? ????? 487 (???),????,3,044-300-2454,36.480115,127.329707,2024-05-31
???????,??????? ??? ??? 49-1,????,2,044-300-2454,36.438664,127.230114,2024-05-31
???????,??????? ??? ??? 8-7,????,3,044-300-2454,36.472623,127.292382,2024-05-31
???????,??????? ??? ??? 309-2,????,2,044-300-2454,36.42838,127.24769,2024-05-31
???????,??????? ??? ??? 170-3,????,4,044-300-2454,36.41192,127.25429,2024-05-31
???????,??????? ??? ??? 79-4,????,2,044-300-2454,36.477405,127.298181,2024-05-31
???????,??????? ??? ??? 129-1,????,4,044-300-2454,36.418895,127.278117,2024-05-31
???????,??????? ??? ??? 600,????,2,044-300-2454,36.481334,127.328094,2024-05-31
???????,??????? ??? ??? 109-3,????,1,044-300-2454,36.407585,127.252167,2024-05-31
???????,??????? ??? ??? 84-2,????,1,044-300-2454,36.438745,127.232761,2024-05-31
???????,??????? ??? ??? 355-1,????,1,044-300-2454,36.441591,127.312525,2024-05-31
???????,??????? ??? ??? 98-1,????,1,044-300-2454,36.475438,127.296958,2024-05-31
???????,??????? ??? ??? ?27-5,????,1,044-300-2454,36.458527,127.273295,2024-05-31
???????,??????? ??? ??? 66,????,1,044-300-2454,36.421036,127.298137,2024-05-31
???????,??????? ??? ??? 318-2,????,2,044-300-2454,36.463155,127.278218,2024-05-31
???????,??????? ??? ??? 214,????,3,044-300-2454,36.416635,127.277028,2024-05-31
???????,??????? ??? ????? 130,????,3,044-300-2454,36.455848,127.266815,2024-05-31
???????,??????? ??? ??? 34-5,????,3,044-300-2454,36.451425,127.263953,2024-05-31
???????,??????? ??? ??? 343-2,????,3,044-300-2454,36.441454,127.300804,2024-05-31
???????,??????? ??? ??? 78-1,????,3,044-300-2454,36.470218,127.313845,2024-05-31
???????,??????? ??? ??? 449,????,3,044-300-2454,36.434344,127.283023,2024-05-31
???????,??????? ??? ???? 6,????,3,044-300-2454,36.497523,127.344145,2024-05-31
???????,??????? ??? ??1? 52,????,2,044-300-2454,36.456082,127.284704,2024-05-31
???????,??????? ??? ??? 122-5,????,4,044-300-2454,36.463734,127.279986,2024-05-31
???????,??????? ??? ??? 146-12,????,4,044-300-2454,36.465369,127.282049,2024-05-31
???????,??????? ??? ??? 52-2,????,1,044-300-2454,36.463487,127.283055,2024-05-31
???????,??????? ??? ??? 164-7,????,1,044-300-2454,36.425083,127.282536,2024-05-31
???????,??????? ??? ??? 326-12,????,3,044-300-2454,36.46183,127.278214,2024-05-31
???????,??????? ??? ??? 440-30,????,4,044-300-2454,36.467837,127.280548,2024-05-31
???????,??????? ??? ??? ?1-2,????,3,044-300-2454,36.459457,127.280945,2024-05-31
???????,??????? ??? ??? 211-9,????,3,044-300-2454,36.468035,127.281782,2024-05-31
???????,??????? ??? ????1? 54,????,1,044-300-2454,36.463874,127.286768,2024-05-31
???????,??????? ??? ??1? 3-5,????,3,044-300-2454,36.471912,127.286535,2024-05-31
???????,??????? ??? ??? 79,????,1,044-300-2454,36.458085,127.268623,2024-05-31
???????,??????? ??? ??? 84,????,3,044-300-2454,36.429599,127.271964,2024-05-31
???????,??????? ??? ??? 64-5,????,3,044-300-2454,36.42376,127.27792,2024-05-31
???????,??????? ??? ??? 267,????,3,044-300-2454,36.443252,127.290034,2024-05-31
???????,??????? ??? ??? 213-17,????,2,044-300-2454,36.468257,127.279347,2024-05-31
???????,??????? ??? ??? 386-3,????,3,044-300-2454,36.460853,127.266345,2024-05-31
???????,??????? ??? ??? 322-1,????,3,044-300-2454,36.46445,127.338191,2024-05-31
???????,??????? ??? ???? 1249,????,3,044-300-2454,36.512455,127.358442,2024-05-31
???????,??????? ??? ??? 628,????,2,044-300-2454,36.445652,127.274755,2024-05-31
???????,??????? ??? ??? 77-2,????,3,044-300-2454,36.460343,127.280677,2024-05-31
???????,??????? ??? ??? 88,????,3,044-300-2454,36.466485,127.281586,2024-05-31
???????,??????? ??? ??? 467-42,????,3,044-300-2454,36.466753,127.283517,2024-05-31
???????,??????? ??? ??? 119-5,????,3,044-300-2454,36.463797,127.2818,2024-05-31
???????,??????? ??? ??? 5-6,????,2,044-300-2454,36.461736,127.285966,2024-05-31
???????,??????? ??? ??? 116-1,????,3,044-300-2454,36.477278,127.354395,2024-05-31
???????,??????? ??? ??? 603,????,3,044-300-2454,36.445476,127.246724,2024-05-31
???????,??????? ??? ??? 10-3,????,3,044-300-2454,36.4195,127.293138,2024-05-31
???????,??????? ????? 332-20,????,3,044-300-2454,36.477723,127.313716,2024-05-31
???????,??????? ????? 322-34,????,3,044-300-2454,36.477378,127.313748,2024-05-31
???????,??????? ??? ??? 147-1,????,4,044-300-2454,36.451695,127.285508,2024-05-31
???????,??????? ??? ??? 211-4,????,4,044-300-2454,36.451459,127.285096,2024-05-31
???????,??????? ??? ??? 15,????,2,044-300-2454,36.419116,127.278339,2024-05-31
???????,??????? ??? 1839,????,1,044-300-2454,36.501365,127.233981,2024-05-31
???????,??????? ??? 1033,????,1,044-300-2454,36.518079,127.23029,2024-05-31
???????,??????? ??? ??1? 50 (???),????,1,044-300-2454,36.503668,127.232773,2024-05-31
???????,"??????? ???? 13 (???, ????7??)",????,2,044-300-2454,36.5214,127.232827,2024-05-31
???????,??????? ???1? 95 (???),????,1,044-300-2454,36.519561,127.230455,2024-05-31
???????,??????? ??? 1987,????,1,044-300-2454,36.50097,127.238773,2024-05-31
???????,??????? ??? 1456,????,1,044-300-2454,36.507003,127.231009,2024-05-31
???????,??????? ??? 1623,????,1,044-300-2454,36.508262,127.233252,2024-05-31
???????,??????? ??? 1365,????,1,044-300-2454,36.516152,127.230868,2024-05-31
???????,??????? ??? 1193,????,1,044-300-2454,36.517929,127.233936,2024-05-31
???????,??????? ??? 1088,????,1,044-300-2454,36.516682,127.229404,2024-05-31
???????,??????? ??? 986,????,1,044-300-2454,36.519622,127.232223,2024-05-31
???????,??????? ??? 170,????,3,044-300-2454,36.513847,127.239684,2024-05-31
???????,??????? ??? 208,????,3,044-300-2454,36.514803,127.231414,2024-05-31
???????,??????? ??? 14 (???),????,1,044-300-2454,36.51212,127.239295,2024-05-31
???????,??????? ??? 1383,????,3,044-300-2454,36.51892,127.23793,2024-05-31
???????,??????? ??? ???2? 20 (???),????,1,044-300-2454,36.517353,127.232902,2024-05-31
???????,??????? ??? ??? 55 (???),????,1,044-300-2454,36.50791,127.229586,2024-05-31
???????,??????? ??? ??1? 60 (???),????,1,044-300-2454,36.504975,127.232628,2024-05-31
???????,??????? ??? ??? 10 (???),????,1,044-300-2454,36.506011,127.231932,2024-05-31
???????,"??????? ???? 13 (???, ????7??)",????,2,044-300-2454,36.513292,127.23332,2024-05-31
???????,??????? ??? ???? 15 (???),????,1,044-300-2454,36.515396,127.233674,2024-05-31
???????,??????? ??? ??? 910 (???),????,3,044-300-2454,36.500024,127.234221,2024-05-31
???????,???????  ??? 15 (???),????,1,044-300-2454,36.500874,127.236394,2024-05-31
???????,???????  ???1? 30 (???),????,1,044-300-2454,36.501827,127.233535,2024-05-31
???????,??????? ??? ??? 1090 (???),????,2,044-300-2454,36.499998,127.240256,2024-05-31
???????,??????? ??? ??? 20 (???),????,1,044-300-2454,36.502474,127.238443,2024-05-31
???????,??????? ??? ??? 40 (???),????,2,044-300-2454,36.503312,127.236726,2024-05-31
???????,??????? ??? ??? 25 (???),????,2,044-300-2454,36.501999,127.236206,2024-05-31
???????,??????? ??? ???1? 30 (???),????,2,044-300-2454,36.515719,127.228063,2024-05-31
???????,??????? ??? ??? 165 (???),????,1,044-300-2454,36.512374,127.229629,2024-05-31
???????,??????? ??? ??? 290 (???),????,1,044-300-2454,36.52019,127.237365,2024-05-31
???????,??????? ??? ??? 1260 (???),????,2,044-300-2454,36.515361,127.241871,2024-05-31
???????,??????? ??? ??? 910 (???),????,3,044-300-2454,36.500207,127.235932,2024-05-31
???????,??????? ??? ??? 1285 (???),????,2,044-300-2454,36.517327,127.242157,2024-05-31
???????,??????? ??? ???5? 10 (???),????,1,044-300-2454,36.501818,127.235128,2024-05-31
???????,??????? ??? ??? 50 (???),????,1,044-300-2454,36.504371,127.237622,2024-05-31
???????,??????? ??? ??? 70 (???),????,2,044-300-2454,36.505791,127.23847,2024-05-31
???????,??????? ??? ??? 180 (???),????,1,044-300-2454,36.515051,127.239146,2024-05-31
???????,??????? ??? ???? 80 (???),????,2,044-300-2454,36.5093,127.23406,2024-05-31
???????,??????? ??? ??? 13 (???),????,1,044-300-2454,36.50945,127.230026,2024-05-31
???????,??????? ??? ???? 100 (???),????,1,044-300-2454,36.511067,127.234146,2024-05-31
???????,??????? ??? ???? 30 (???),????,2,044-300-2454,36.515203,127.229919,2024-05-31
???????,??????? ??? ??? 200 (???),????,1,044-300-2454,36.516118,127.230399,2024-05-31
???????,??????? ??? ???? 210 (???),????,1,044-300-2454,36.517508,127.239146,2024-05-31
???????,??????? ??? ???? 200 (???),????,1,044-300-2454,36.517241,127.237654,2024-05-31
???????,??????? ??? ??? 310 (???),????,2,044-300-2454,36.520212,127.239326,2024-05-31
???????,??????? ??? ??? 220 (???),????,1,044-300-2454,36.51886,127.23918,2024-05-31
???????,??????? ??? ??? 895 (???),????,2,044-300-2454,36.500048,127.232319,2024-05-31
???????,??????? ??? ??? 80 (???),????,3,044-300-2454,36.504755,127.234661,2024-05-31
???????,??????? ??? ???? 80 (???),????,2,044-300-2454,36.508907,127.234677,2024-05-31
???????,"???????  ??? 14 (???, ????6??)",????,2,044-300-2454,36.510213,127.230112,2024-05-31
???????,??????? ??? ???? 60 (???),????,1,044-300-2454,36.507648,127.2359,2024-05-31
???????,??????? ??? ???? 65 (???),????,1,044-300-2454,36.507911,127.235042,2024-05-31
???????,??????? ??? ??? 80 (???),????,3,044-300-2454,36.505771,127.232787,2024-05-31
???????,??????? ??? ??1? 80 (???),????,1,044-300-2454,36.506467,127.234573,2024-05-31
???????,??????? ??? ??? 90 (???),????,1,044-300-2454,36.506272,127.232687,2024-05-31
???????,??????? ??? ??? 12 (???),????,1,044-300-2454,36.508204,127.23104,2024-05-31
???????,??????? ??? ???1? 115 (???),????,1,044-300-2454,36.520999,127.232085,2024-05-31
???????,??????? ??? ??? 1310 (???),????,2,044-300-2454,36.51929,127.242879,2024-05-31
???????,??????? ??? ??? 250 (???),????,1,044-300-2454,36.518884,127.233551,2024-05-31
???????,??????? ??? ???1? 60 (???),????,1,044-300-2454,36.516832,127.228546,2024-05-31
???????,??????? ??? ??? 65 (???),????,1,044-300-2454,36.504272,127.235359,2024-05-31
???????,??????? ???? 180 (???),????,1,044-300-2454,36.516836,127.236045,2024-05-31
???????,??????? ???? 165 (???),????,2,044-300-2454,36.516008,127.234468,2024-05-31
???????,??????? ???? 14 (???),????,1,044-300-2454,36.514559,127.233374,2024-05-31
???????,??????? ??? 220 (???),????,1,044-300-2454,36.517013,127.231153,2024-05-31
???????,??????? ??? 1190 (???),????,2,044-300-2454,36.509084,127.24115,2024-05-31
???????,??????? ??? 270 (???),????,2,044-300-2454,36.519824,127.235702,2024-05-31
???????,??????? ??? 260 (???),????,2,044-300-2454,36.519303,127.23428,2024-05-31
???????,??????? ??? 235 (???),????,1,044-300-2454,36.518271,127.23207,2024-05-31
???????,??????? ???1? 80 (???),????,1,044-300-2454,36.518121,127.22956,2024-05-31
???????,??????? ??? 115 (???),????,2,044-300-2454,36.505517,127.241,2024-05-31
???????,??????? ??? 105 (???),????,1,044-300-2454,36.508713,127.239543,2024-05-31
???????,??????? ??? 210 (???),????,1,044-300-2454,36.511869,127.227146,2024-05-31
???????,??????? ???? 30 (???),????,1,044-300-2454,36.506372,127.237188,2024-05-31
???????,??????? ??? 1225 (???),????,1,044-300-2454,36.51222,127.24121,2024-05-31
???????,??????? ??? 290 (???),????,1,044-300-2454,36.522045,127.243776,2024-05-31
???????,??????? ??? 265 (???),????,1,044-300-2454,36.520935,127.242354,2024-05-31
???????,??????? ??? 1420 (???),????,1,044-300-2454,36.527091,127.249239,2024-05-31
???????,??????? ??? 420 (???),????,1,044-300-2454,36.530016,127.234885,2024-05-31
???????,??????? ??? 415 (???),????,1,044-300-2454,36.530297,127.236415,2024-05-31
???????,??????? ??? 400 (???),????,1,044-300-2454,36.528674,127.236695,2024-05-31
???????,??????? ??? 330 (???),????,1,044-300-2454,36.524821,127.241378,2024-05-31
???????,??????? ??? 1480 (???),????,2,044-300-2454,36.534494,127.239719,2024-05-31
???????,??????? ??? 1480 (???),????,2,044-300-2454,36.533407,127.238979,2024-05-31
???????,??????? ??? 1550 (???),????,1,044-300-2454,36.532065,127.244173,2024-05-31
???????,??????? ??? 365 (???),????,1,044-300-2454,36.526442,127.237749,2024-05-31
???????,??????? ??? 350 (???),????,1,044-300-2454,36.525883,127.23969,2024-05-31
???????,??????? ??? 320 (???),????,1,044-300-2454,36.520159,127.240945,2024-05-31
???????,??????? ????1? 3(???),????,1,044-300-2454,36.512002,127.240596,2024-05-31
???????,??????? ??? 1210 (???),????,2,044-300-2454,36.50985,127.2417,2024-05-31
???????,??????? ??? 486-15,????,1,044-300-2454,36.469756,127.251591,2024-05-31
???????,??????? ??? 618-5,????,1,044-300-2454,36.464895,127.24525,2024-05-31
???????,??????? ??? 621-9,????,1,044-300-2454,36.465429,127.244686,2024-05-31
???????,??????? ??? 486-13,????,1,044-300-2454,36.468009,127.249769,2024-05-31
???????,??????? ??? 75 (???),????,1,044-300-2454,36.468036,127.242087,2024-05-31
